受信日時,差出人,アドレス,件名,本文,種別
2025/07/01 09:44,お客様0001,customer0001@example.com,対応が遅い,先週問い合わせたのに返事がありません。KM-250701-9213 の件、どうなっていますか。,苦情
2025/07/01 10:16,お客様0002,customer0002@example.com,注文内容の変更,KM-250702-5324 で注文したブランケットの色を変更したいのですが、まだ間に合いますか。,問合せ
2025/07/01 11:04,お客様0003,customer0003@example.com,支払い方法,コンビニ払いは使えますか。ランチョンマットを購入したいです。,問合せ
2025/07/01 11:30,お客様0004,customer0004@example.com,お手入れの方法,マグカップは食洗機で洗えますか。お手入れの方法を知りたいです。,問合せ
2025/07/01 12:11,お客様0005,customer0005@example.com,注文内容の変更,KM-250705-0515 で注文したランチョンマットの色を変更したいのですが、まだ間に合いますか。,問合せ
2025/07/01 12:59,お客様0006,customer0006@example.com,支払い方法,コンビニ払いは使えますか。マグカップを購入したいです。,問合せ
2025/07/01 13:24,お客様0007,customer0007@example.com,早い発送ありがとうございます,KM-250707-9115 がすぐに届きました。梱包も丁寧でうれしかったです。,お礼
2025/07/01 14:10,お客様0008,customer0008@example.com,キャンドルに傷がありました,届いたキャンドルに目立つ傷がありました。返品できますか。,苦情
2025/07/01 14:57,お客様0009,customer0009@example.com,採用について,店舗スタッフの募集はしていますか。,その他
2025/07/01 15:33,お客様0010,customer0010@example.com,梱包がひどい,KM-250710-0459 の箱が潰れていて、箸置きの角が欠けていました。残念です。,苦情
2025/07/01 16:10,お客様0011,customer0011@example.com,領収書の発行,KM-250711-9042 の領収書を発行してもらえますか。,問合せ
2025/07/01 16:53,お客様0012,customer0012@example.com,届いたハンドタオルが割れていました,KM-250712-3032 で届いたハンドタオルが割れていました。交換をお願いします。写真も送れます。,苦情
2025/07/01 17:27,お客様0013,customer0013@example.com,まだ届きません,KM-250713-8753 のキャンドルが、予定日を 3 日過ぎても届きません。いつ届くのか教えてください。,苦情
2025/07/01 18:03,お客様0014,customer0014@example.com,二重に請求されています,KM-250714-7418 の代金が二重に引き落とされています。すぐに確認してください。,苦情
2025/07/01 18:45,お客様0015,customer0015@example.com,二重に請求されています,KM-250715-4297 の代金が二重に引き落とされています。すぐに確認してください。,苦情
2025/07/01 19:00,お客様0016,customer0016@example.com,梱包がひどい,KM-250716-2980 の箱が潰れていて、マグカップの角が欠けていました。残念です。,苦情
2025/07/01 19:47,お客様0017,customer0017@example.com,支払い方法,コンビニ払いは使えますか。ガラスのコップを購入したいです。,問合せ
2025/07/01 20:34,お客様0018,customer0018@example.com,領収書の発行,KM-250718-0563 の領収書を発行してもらえますか。,問合せ
2025/07/01 20:43,お客様0019,customer0019@example.com,早い発送ありがとうございます,KM-250719-8606 がすぐに届きました。梱包も丁寧でうれしかったです。,お礼
2025/07/01 21:30,お客様0020,customer0020@example.com,ハンドタオルの在庫について,ハンドタオルの在庫はいつ頃入りますか。入荷したら購入したいです。,問合せ
2025/07/01 21:59,お客様0021,customer0021@example.com,花瓶に傷がありました,届いた花瓶に目立つ傷がありました。返品できますか。,苦情
2025/07/01 22:34,お客様0022,customer0022@example.com,仕入れのご提案,当社のランチョンマットをお取り扱いいただけないか、ご提案させてください。,その他
2025/07/01 23:16,お客様0023,customer0023@example.com,仕入れのご提案,当社のランチョンマットをお取り扱いいただけないか、ご提案させてください。,その他
2025/07/02 00:07,お客様0024,customer0024@example.com,対応が遅い,先週問い合わせたのに返事がありません。KM-250724-3317 の件、どうなっていますか。,苦情
2025/07/02 00:35,お客様0025,customer0025@example.com,まだ届きません,KM-250725-0123 のハンドタオルが、予定日を 3 日過ぎても届きません。いつ届くのか教えてください。,苦情
2025/07/02 01:14,お客様0026,customer0026@example.com,配送日の指定,KM-250726-3576 の配送日を来週の土曜日に指定できますか。,問合せ
2025/07/02 02:05,お客様0027,customer0027@example.com,注文と違う商品,KM-250727-8177 で木のトレーを注文したのに、別の商品が届きました。どうなっているのですか。,苦情
2025/07/02 02:26,お客様0028,customer0028@example.com,領収書の発行,KM-250728-1916 の領収書を発行してもらえますか。,問合せ
2025/07/02 03:10,お客様0029,customer0029@example.com,ランチョンマットに傷がありました,届いたランチョンマットに目立つ傷がありました。返品できますか。,苦情
2025/07/02 03:31,お客様0030,customer0030@example.com,対応が遅い,先週問い合わせたのに返事がありません。KM-250730-3125 の件、どうなっていますか。,苦情
2025/07/02 04:12,お客様0031,customer0031@example.com,対応が遅い,先週問い合わせたのに返事がありません。KM-250731-7948 の件、どうなっていますか。,苦情
2025/07/02 05:14,お客様0032,customer0032@example.com,システム保守のご案内,ネットショップのシステム保守サービスのご案内です。,その他
2025/07/02 05:26,お客様0033,customer0033@example.com,取材のお願い,雑貨の特集で、お店を取材させていただけないでしょうか。,その他
2025/07/02 06:01,お客様0034,customer0034@example.com,ハンドタオルの在庫について,ハンドタオルの在庫はいつ頃入りますか。入荷したら購入したいです。,問合せ
2025/07/02 07:04,お客様0035,customer0035@example.com,花瓶に傷がありました,届いた花瓶に目立つ傷がありました。返品できますか。,苦情
2025/07/02 07:15,お客様0036,customer0036@example.com,配送日の指定,KM-250736-5342 の配送日を来週の土曜日に指定できますか。,問合せ
2025/07/02 08:03,お客様0037,customer0037@example.com,アンケートのお願い,ネットショップの利用に関するアンケートにご協力いただけませんか。,その他
2025/07/02 08:40,お客様0038,customer0038@example.com,二重に請求されています,KM-250738-9017 の代金が二重に引き落とされています。すぐに確認してください。,苦情
2025/07/02 09:23,お客様0039,customer0039@example.com,届いたマグカップが割れていました,KM-250739-0380 で届いたマグカップが割れていました。交換をお願いします。写真も送れます。,苦情
2025/07/02 10:05,お客様0040,customer0040@example.com,梱包がひどい,KM-250740-6116 の箱が潰れていて、キャンドルの角が欠けていました。残念です。,苦情
2025/07/02 10:37,お客様0041,customer0041@example.com,注文内容の変更,KM-250741-7973 で注文したガラスのコップの色を変更したいのですが、まだ間に合いますか。,問合せ
2025/07/02 11:04,お客様0042,customer0042@example.com,ランチョンマットの在庫について,ランチョンマットの在庫はいつ頃入りますか。入荷したら購入したいです。,問合せ
2025/07/02 11:46,お客様0043,customer0043@example.com,ラッピングについて,KM-250743-0956 の注文ですが、プレゼント用のラッピングは追加できますか。,問合せ
2025/07/02 12:10,お客様0044,customer0044@example.com,まだ届きません,KM-250744-6092 のランチョンマットが、予定日を 3 日過ぎても届きません。いつ届くのか教えてください。,苦情
2025/07/02 13:12,お客様0045,customer0045@example.com,配送日の指定,KM-250745-5469 の配送日を来週の土曜日に指定できますか。,問合せ
2025/07/02 13:27,お客様0046,customer0046@example.com,領収書の発行,KM-250746-6806 の領収書を発行してもらえますか。,問合せ
2025/07/02 14:10,お客様0047,customer0047@example.com,採用について,店舗スタッフの募集はしていますか。,その他
2025/07/02 14:59,お客様0048,customer0048@example.com,箸置きの在庫について,箸置きの在庫はいつ頃入りますか。入荷したら購入したいです。,問合せ
2025/07/02 15:26,お客様0049,customer0049@example.com,採用について,店舗スタッフの募集はしていますか。,その他
2025/07/02 16:11,お客様0050,customer0050@example.com,すてきなキャンドルでした,届いたキャンドルがとてもすてきでした。家族も喜んでいます。ありがとうございました。,お礼
2025/07/02 16:49,お客様0051,customer0051@example.com,注文と違う商品,KM-250751-3456 で木のトレーを注文したのに、別の商品が届きました。どうなっているのですか。,苦情
2025/07/02 17:08,お客様0052,customer0052@example.com,支払い方法,コンビニ払いは使えますか。ブランケットを購入したいです。,問合せ
2025/07/02 17:56,お客様0053,customer0053@example.com,ラッピングについて,KM-250753-6771 の注文ですが、プレゼント用のラッピングは追加できますか。,問合せ
2025/07/02 18:28,お客様0054,customer0054@example.com,配送日の指定,KM-250754-2216 の配送日を来週の土曜日に指定できますか。,問合せ
2025/07/02 19:06,お客様0055,customer0055@example.com,配送日の指定,KM-250755-1761 の配送日を来週の土曜日に指定できますか。,問合せ
2025/07/02 19:57,お客様0056,customer0056@example.com,すてきな箸置きでした,届いた箸置きがとてもすてきでした。家族も喜んでいます。ありがとうございました。,お礼
2025/07/02 20:15,お客様0057,customer0057@example.com,丁寧な対応に感謝,先日の交換の件、丁寧に対応していただきありがとうございました。,お礼
2025/07/02 21:11,お客様0058,customer0058@example.com,マグカップのサイズ,マグカップの大きさを教えてください。棚に入るか確かめたいです。,問合せ
2025/07/02 21:40,お客様0059,customer0059@example.com,すてきな箸置きでした,届いた箸置きがとてもすてきでした。家族も喜んでいます。ありがとうございました。,お礼
2025/07/02 22:22,お客様0060,customer0060@example.com,二重に請求されています,KM-250760-2192 の代金が二重に引き落とされています。すぐに確認してください。,苦情
2025/07/02 22:45,お客様0061,customer0061@example.com,ハンドタオルに傷がありました,届いたハンドタオルに目立つ傷がありました。返品できますか。,苦情
2025/07/02 23:34,お客様0062,customer0062@example.com,対応が遅い,先週問い合わせたのに返事がありません。KM-250762-1961 の件、どうなっていますか。,苦情
2025/07/03 00:07,お客様0063,customer0063@example.com,領収書の発行,KM-250763-9845 の領収書を発行してもらえますか。,問合せ
2025/07/03 00:29,お客様0064,customer0064@example.com,注文内容の変更,KM-250764-6072 で注文した箸置きの色を変更したいのですが、まだ間に合いますか。,問合せ
2025/07/03 01:14,お客様0065,customer0065@example.com,対応が遅い,先週問い合わせたのに返事がありません。KM-250765-2801 の件、どうなっていますか。,苦情
2025/07/03 01:54,お客様0066,customer0066@example.com,プレゼントに喜ばれました,木のトレーを贈り物にしたら、とても喜ばれました。また利用します。,お礼
2025/07/03 02:47,お客様0067,customer0067@example.com,お手入れの方法,花瓶は食洗機で洗えますか。お手入れの方法を知りたいです。,問合せ
2025/07/03 03:15,お客様0068,customer0068@example.com,仕入れのご提案,当社のブランケットをお取り扱いいただけないか、ご提案させてください。,その他
2025/07/03 03:39,お客様0069,customer0069@example.com,システム保守のご案内,ネットショップのシステム保守サービスのご案内です。,その他
2025/07/03 04:10,お客様0070,customer0070@example.com,プレゼントに喜ばれました,ブランケットを贈り物にしたら、とても喜ばれました。また利用します。,お礼
2025/07/03 04:52,お客様0071,customer0071@example.com,ラッピングについて,KM-250771-3595 の注文ですが、プレゼント用のラッピングは追加できますか。,問合せ
2025/07/03 05:28,お客様0072,customer0072@example.com,取材のお願い,雑貨の特集で、お店を取材させていただけないでしょうか。,その他
2025/07/03 06:15,お客様0073,customer0073@example.com,お手入れの方法,ランチョンマットは食洗機で洗えますか。お手入れの方法を知りたいです。,問合せ
2025/07/03 07:04,お客様0074,customer0074@example.com,領収書の発行,KM-250774-2755 の領収書を発行してもらえますか。,問合せ
2025/07/03 07:33,お客様0075,customer0075@example.com,領収書の発行,KM-250775-5629 の領収書を発行してもらえますか。,問合せ
2025/07/03 08:04,お客様0076,customer0076@example.com,すてきなガラスのコップでした,届いたガラスのコップがとてもすてきでした。家族も喜んでいます。ありがとうございました。,お礼
2025/07/03 08:40,お客様0077,customer0077@example.com,早い発送ありがとうございます,KM-250777-6974 がすぐに届きました。梱包も丁寧でうれしかったです。,お礼
2025/07/03 09:29,お客様0078,customer0078@example.com,対応が遅い,先週問い合わせたのに返事がありません。KM-250778-8859 の件、どうなっていますか。,苦情
2025/07/03 09:58,お客様0079,customer0079@example.com,採用について,店舗スタッフの募集はしていますか。,その他
2025/07/03 10:44,お客様0080,customer0080@example.com,お手入れの方法,ハンドタオルは食洗機で洗えますか。お手入れの方法を知りたいです。,問合せ
2025/07/03 11:24,お客様0081,customer0081@example.com,アンケートのお願い,ネットショップの利用に関するアンケートにご協力いただけませんか。,その他
2025/07/03 11:36,お客様0082,customer0082@example.com,対応が遅い,先週問い合わせたのに返事がありません。KM-250782-8410 の件、どうなっていますか。,苦情
2025/07/03 12:24,お客様0083,customer0083@example.com,採用について,店舗スタッフの募集はしていますか。,その他
2025/07/03 13:05,お客様0084,customer0084@example.com,ガラスのコップのサイズ,ガラスのコップの大きさを教えてください。棚に入るか確かめたいです。,問合せ
2025/07/03 13:35,お客様0085,customer0085@example.com,支払い方法,コンビニ払いは使えますか。ハンドタオルを購入したいです。,問合せ
2025/07/03 14:09,お客様0086,customer0086@example.com,注文内容の変更,KM-250786-8578 で注文したガラスのコップの色を変更したいのですが、まだ間に合いますか。,問合せ
2025/07/03 14:58,お客様0087,customer0087@example.com,早い発送ありがとうございます,KM-250787-6475 がすぐに届きました。梱包も丁寧でうれしかったです。,お礼
2025/07/03 15:22,お客様0088,customer0088@example.com,ランチョンマットのサイズ,ランチョンマットの大きさを教えてください。棚に入るか確かめたいです。,問合せ
2025/07/03 15:56,お客様0089,customer0089@example.com,お手入れの方法,花瓶は食洗機で洗えますか。お手入れの方法を知りたいです。,問合せ
2025/07/03 16:47,お客様0090,customer0090@example.com,早い発送ありがとうございます,KM-250790-9738 がすぐに届きました。梱包も丁寧でうれしかったです。,お礼
2025/07/03 17:22,お客様0091,customer0091@example.com,早い発送ありがとうございます,KM-250791-6255 がすぐに届きました。梱包も丁寧でうれしかったです。,お礼
2025/07/03 18:13,お客様0092,customer0092@example.com,丁寧な対応に感謝,先日の交換の件、丁寧に対応していただきありがとうございました。,お礼
2025/07/03 18:30,お客様0093,customer0093@example.com,届いたハンドタオルが割れていました,KM-250793-4222 で届いたハンドタオルが割れていました。交換をお願いします。写真も送れます。,苦情
2025/07/03 19:27,お客様0094,customer0094@example.com,配送日の指定,KM-250794-4419 の配送日を来週の土曜日に指定できますか。,問合せ
2025/07/03 19:50,お客様0095,customer0095@example.com,キャンドルの在庫について,キャンドルの在庫はいつ頃入りますか。入荷したら購入したいです。,問合せ
2025/07/03 20:22,お客様0096,customer0096@example.com,領収書の発行,KM-250796-3069 の領収書を発行してもらえますか。,問合せ
2025/07/03 20:57,お客様0097,customer0097@example.com,アンケートのお願い,ネットショップの利用に関するアンケートにご協力いただけませんか。,その他
2025/07/03 21:48,お客様0098,customer0098@example.com,注文と違う商品,KM-250798-7536 で木のトレーを注文したのに、別の商品が届きました。どうなっているのですか。,苦情
2025/07/03 22:21,お客様0099,customer0099@example.com,支払い方法,コンビニ払いは使えますか。ガラスのコップを購入したいです。,問合せ
2025/07/03 22:57,お客様0100,customer0100@example.com,ランチョンマットのサイズ,ランチョンマットの大きさを教えてください。棚に入るか確かめたいです。,問合せ
2025/07/03 23:20,お客様0101,customer0101@example.com,箸置きの在庫について,箸置きの在庫はいつ頃入りますか。入荷したら購入したいです。,問合せ
2025/07/04 00:12,お客様0102,customer0102@example.com,採用について,店舗スタッフの募集はしていますか。,その他
2025/07/04 00:32,お客様0103,customer0103@example.com,まだ届きません,KM-2507103-4457 の木のトレーが、予定日を 3 日過ぎても届きません。いつ届くのか教えてください。,苦情
2025/07/04 01:27,お客様0104,customer0104@example.com,丁寧な対応に感謝,先日の交換の件、丁寧に対応していただきありがとうございました。,お礼
2025/07/04 01:52,お客様0105,customer0105@example.com,マグカップの在庫について,マグカップの在庫はいつ頃入りますか。入荷したら購入したいです。,問合せ
2025/07/04 02:34,お客様0106,customer0106@example.com,木のトレーのサイズ,木のトレーの大きさを教えてください。棚に入るか確かめたいです。,問合せ
2025/07/04 03:22,お客様0107,customer0107@example.com,ランチョンマットのサイズ,ランチョンマットの大きさを教えてください。棚に入るか確かめたいです。,問合せ
2025/07/04 03:57,お客様0108,customer0108@example.com,ラッピングについて,KM-2507108-2881 の注文ですが、プレゼント用のラッピングは追加できますか。,問合せ
2025/07/04 04:42,お客様0109,customer0109@example.com,梱包がひどい,KM-2507109-7452 の箱が潰れていて、豆皿の角が欠けていました。残念です。,苦情
2025/07/04 05:17,お客様0110,customer0110@example.com,木のトレーに傷がありました,届いた木のトレーに目立つ傷がありました。返品できますか。,苦情
2025/07/04 05:40,お客様0111,customer0111@example.com,届いたガラスのコップが割れていました,KM-2507111-5873 で届いたガラスのコップが割れていました。交換をお願いします。写真も送れます。,苦情
2025/07/04 06:32,お客様0112,customer0112@example.com,仕入れのご提案,当社のガラスのコップをお取り扱いいただけないか、ご提案させてください。,その他
2025/07/04 07:06,お客様0113,customer0113@example.com,注文内容の変更,KM-2507113-9641 で注文した豆皿の色を変更したいのですが、まだ間に合いますか。,問合せ
2025/07/04 07:35,お客様0114,customer0114@example.com,ランチョンマットの在庫について,ランチョンマットの在庫はいつ頃入りますか。入荷したら購入したいです。,問合せ
2025/07/04 08:02,お客様0115,customer0115@example.com,まだ届きません,KM-2507115-3422 のブランケットが、予定日を 3 日過ぎても届きません。いつ届くのか教えてください。,苦情
2025/07/04 08:32,お客様0116,customer0116@example.com,取材のお願い,雑貨の特集で、お店を取材させていただけないでしょうか。,その他
2025/07/04 09:21,お客様0117,customer0117@example.com,早い発送ありがとうございます,KM-2507117-5678 がすぐに届きました。梱包も丁寧でうれしかったです。,お礼
2025/07/04 10:13,お客様0118,customer0118@example.com,早い発送ありがとうございます,KM-2507118-3205 がすぐに届きました。梱包も丁寧でうれしかったです。,お礼
2025/07/04 10:51,お客様0119,customer0119@example.com,仕入れのご提案,当社のマグカップをお取り扱いいただけないか、ご提案させてください。,その他
2025/07/04 11:28,お客様0120,customer0120@example.com,注文内容の変更,KM-2507120-0115 で注文したガラスのコップの色を変更したいのですが、まだ間に合いますか。,問合せ
2025/07/04 11:39,お客様0121,customer0121@example.com,早い発送ありがとうございます,KM-2507121-3315 がすぐに届きました。梱包も丁寧でうれしかったです。,お礼
2025/07/04 12:32,お客様0122,customer0122@example.com,梱包がひどい,KM-2507122-2079 の箱が潰れていて、マグカップの角が欠けていました。残念です。,苦情
2025/07/04 13:18,お客様0123,customer0123@example.com,支払い方法,コンビニ払いは使えますか。花瓶を購入したいです。,問合せ
2025/07/04 13:52,お客様0124,customer0124@example.com,まだ届きません,KM-2507124-5468 の豆皿が、予定日を 3 日過ぎても届きません。いつ届くのか教えてください。,苦情
2025/07/04 14:09,お客様0125,customer0125@example.com,領収書の発行,KM-2507125-2722 の領収書を発行してもらえますか。,問合せ
2025/07/04 14:50,お客様0126,customer0126@example.com,早い発送ありがとうございます,KM-2507126-0626 がすぐに届きました。梱包も丁寧でうれしかったです。,お礼
2025/07/04 15:46,お客様0127,customer0127@example.com,丁寧な対応に感謝,先日の交換の件、丁寧に対応していただきありがとうございました。,お礼
2025/07/04 16:11,お客様0128,customer0128@example.com,取材のお願い,雑貨の特集で、お店を取材させていただけないでしょうか。,その他
2025/07/04 17:02,お客様0129,customer0129@example.com,配送日の指定,KM-2507129-3319 の配送日を来週の土曜日に指定できますか。,問合せ
2025/07/04 17:15,お客様0130,customer0130@example.com,梱包がひどい,KM-2507130-3977 の箱が潰れていて、ブランケットの角が欠けていました。残念です。,苦情
2025/07/04 18:04,お客様0131,customer0131@example.com,配送日の指定,KM-2507131-2474 の配送日を来週の土曜日に指定できますか。,問合せ
2025/07/04 18:35,お客様0132,customer0132@example.com,まだ届きません,KM-2507132-2547 のブランケットが、予定日を 3 日過ぎても届きません。いつ届くのか教えてください。,苦情
2025/07/04 19:09,お客様0133,customer0133@example.com,注文と違う商品,KM-2507133-7326 でキャンドルを注文したのに、別の商品が届きました。どうなっているのですか。,苦情
2025/07/04 20:00,お客様0134,customer0134@example.com,支払い方法,コンビニ払いは使えますか。ブランケットを購入したいです。,問合せ
2025/07/04 20:42,お客様0135,customer0135@example.com,木のトレーの在庫について,木のトレーの在庫はいつ頃入りますか。入荷したら購入したいです。,問合せ
2025/07/04 21:08,お客様0136,customer0136@example.com,ブランケットのサイズ,ブランケットの大きさを教えてください。棚に入るか確かめたいです。,問合せ
2025/07/04 21:51,お客様0137,customer0137@example.com,支払い方法,コンビニ払いは使えますか。マグカップを購入したいです。,問合せ
2025/07/04 22:29,お客様0138,customer0138@example.com,木のトレーの在庫について,木のトレーの在庫はいつ頃入りますか。入荷したら購入したいです。,問合せ
2025/07/04 23:01,お客様0139,customer0139@example.com,仕入れのご提案,当社のハンドタオルをお取り扱いいただけないか、ご提案させてください。,その他
2025/07/04 23:32,お客様0140,customer0140@example.com,仕入れのご提案,当社の箸置きをお取り扱いいただけないか、ご提案させてください。,その他
2025/07/05 00:21,お客様0141,customer0141@example.com,キャンドルの在庫について,キャンドルの在庫はいつ頃入りますか。入荷したら購入したいです。,問合せ
2025/07/05 00:48,お客様0142,customer0142@example.com,支払い方法,コンビニ払いは使えますか。ブランケットを購入したいです。,問合せ
2025/07/05 01:40,お客様0143,customer0143@example.com,ラッピングについて,KM-2507143-9622 の注文ですが、プレゼント用のラッピングは追加できますか。,問合せ
2025/07/05 02:08,お客様0144,customer0144@example.com,領収書の発行,KM-2507144-2016 の領収書を発行してもらえますか。,問合せ
2025/07/05 02:35,お客様0145,customer0145@example.com,プレゼントに喜ばれました,ランチョンマットを贈り物にしたら、とても喜ばれました。また利用します。,お礼
2025/07/05 03:21,お客様0146,customer0146@example.com,キャンドルのサイズ,キャンドルの大きさを教えてください。棚に入るか確かめたいです。,問合せ
2025/07/05 03:46,お客様0147,customer0147@example.com,システム保守のご案内,ネットショップのシステム保守サービスのご案内です。,その他
2025/07/05 04:26,お客様0148,customer0148@example.com,プレゼントに喜ばれました,木のトレーを贈り物にしたら、とても喜ばれました。また利用します。,お礼
2025/07/05 04:53,お客様0149,customer0149@example.com,領収書の発行,KM-2507149-1870 の領収書を発行してもらえますか。,問合せ
2025/07/05 05:54,お客様0150,customer0150@example.com,注文内容の変更,KM-2507150-0047 で注文した木のトレーの色を変更したいのですが、まだ間に合いますか。,問合せ
2025/07/05 06:14,お客様0151,customer0151@example.com,注文内容の変更,KM-2507151-8066 で注文した木のトレーの色を変更したいのですが、まだ間に合いますか。,問合せ
2025/07/05 07:12,お客様0152,customer0152@example.com,ランチョンマットのサイズ,ランチョンマットの大きさを教えてください。棚に入るか確かめたいです。,問合せ
2025/07/05 07:43,お客様0153,customer0153@example.com,梱包がひどい,KM-2507153-2179 の箱が潰れていて、木のトレーの角が欠けていました。残念です。,苦情
2025/07/05 08:05,お客様0154,customer0154@example.com,早い発送ありがとうございます,KM-2507154-0756 がすぐに届きました。梱包も丁寧でうれしかったです。,お礼
2025/07/05 08:45,お客様0155,customer0155@example.com,ラッピングについて,KM-2507155-0408 の注文ですが、プレゼント用のラッピングは追加できますか。,問合せ
2025/07/05 09:13,お客様0156,customer0156@example.com,取材のお願い,雑貨の特集で、お店を取材させていただけないでしょうか。,その他
2025/07/05 10:05,お客様0157,customer0157@example.com,早い発送ありがとうございます,KM-2507157-4731 がすぐに届きました。梱包も丁寧でうれしかったです。,お礼
2025/07/05 10:50,お客様0158,customer0158@example.com,キャンドルに傷がありました,届いたキャンドルに目立つ傷がありました。返品できますか。,苦情
2025/07/05 11:03,お客様0159,customer0159@example.com,領収書の発行,KM-2507159-8470 の領収書を発行してもらえますか。,問合せ
2025/07/05 11:44,お客様0160,customer0160@example.com,ランチョンマットの在庫について,ランチョンマットの在庫はいつ頃入りますか。入荷したら購入したいです。,問合せ
2025/07/05 12:30,お客様0161,customer0161@example.com,キャンドルの在庫について,キャンドルの在庫はいつ頃入りますか。入荷したら購入したいです。,問合せ
2025/07/05 12:59,お客様0162,customer0162@example.com,梱包がひどい,KM-2507162-9481 の箱が潰れていて、ガラスのコップの角が欠けていました。残念です。,苦情
2025/07/05 14:01,お客様0163,customer0163@example.com,ラッピングについて,KM-2507163-7534 の注文ですが、プレゼント用のラッピングは追加できますか。,問合せ
2025/07/05 14:16,お客様0164,customer0164@example.com,プレゼントに喜ばれました,ガラスのコップを贈り物にしたら、とても喜ばれました。また利用します。,お礼
2025/07/05 14:57,お客様0165,customer0165@example.com,取材のお願い,雑貨の特集で、お店を取材させていただけないでしょうか。,その他
2025/07/05 15:36,お客様0166,customer0166@example.com,注文内容の変更,KM-2507166-3039 で注文した箸置きの色を変更したいのですが、まだ間に合いますか。,問合せ
2025/07/05 16:19,お客様0167,customer0167@example.com,梱包がひどい,KM-2507167-7190 の箱が潰れていて、ガラスのコップの角が欠けていました。残念です。,苦情
2025/07/05 16:42,お客様0168,customer0168@example.com,梱包がひどい,KM-2507168-7361 の箱が潰れていて、キャンドルの角が欠けていました。残念です。,苦情
2025/07/05 17:31,お客様0169,customer0169@example.com,注文内容の変更,KM-2507169-2453 で注文した豆皿の色を変更したいのですが、まだ間に合いますか。,問合せ
2025/07/05 17:54,お客様0170,customer0170@example.com,配送日の指定,KM-2507170-1443 の配送日を来週の土曜日に指定できますか。,問合せ
2025/07/05 18:36,お客様0171,customer0171@example.com,領収書の発行,KM-2507171-4538 の領収書を発行してもらえますか。,問合せ
2025/07/05 19:16,お客様0172,customer0172@example.com,採用について,店舗スタッフの募集はしていますか。,その他
2025/07/05 19:45,お客様0173,customer0173@example.com,プレゼントに喜ばれました,キャンドルを贈り物にしたら、とても喜ばれました。また利用します。,お礼
2025/07/05 20:31,お客様0174,customer0174@example.com,支払い方法,コンビニ払いは使えますか。花瓶を購入したいです。,問合せ
2025/07/05 20:59,お客様0175,customer0175@example.com,採用について,店舗スタッフの募集はしていますか。,その他
2025/07/05 21:37,お客様0176,customer0176@example.com,注文と違う商品,KM-2507176-5997 でキャンドルを注文したのに、別の商品が届きました。どうなっているのですか。,苦情
2025/07/05 22:13,お客様0177,customer0177@example.com,システム保守のご案内,ネットショップのシステム保守サービスのご案内です。,その他
2025/07/05 22:56,お客様0178,customer0178@example.com,ラッピングについて,KM-2507178-2565 の注文ですが、プレゼント用のラッピングは追加できますか。,問合せ
2025/07/05 23:32,お客様0179,customer0179@example.com,まだ届きません,KM-2507179-8228 の花瓶が、予定日を 3 日過ぎても届きません。いつ届くのか教えてください。,苦情
2025/07/06 00:29,お客様0180,customer0180@example.com,丁寧な対応に感謝,先日の交換の件、丁寧に対応していただきありがとうございました。,お礼
2025/07/06 01:00,お客様0181,customer0181@example.com,木のトレーに傷がありました,届いた木のトレーに目立つ傷がありました。返品できますか。,苦情
2025/07/06 01:39,お客様0182,customer0182@example.com,プレゼントに喜ばれました,木のトレーを贈り物にしたら、とても喜ばれました。また利用します。,お礼
2025/07/06 01:56,お客様0183,customer0183@example.com,取材のお願い,雑貨の特集で、お店を取材させていただけないでしょうか。,その他
2025/07/06 02:36,お客様0184,customer0184@example.com,仕入れのご提案,当社のブランケットをお取り扱いいただけないか、ご提案させてください。,その他
2025/07/06 03:15,お客様0185,customer0185@example.com,領収書の発行,KM-2507185-8984 の領収書を発行してもらえますか。,問合せ
2025/07/06 03:49,お客様0186,customer0186@example.com,箸置きに傷がありました,届いた箸置きに目立つ傷がありました。返品できますか。,苦情
2025/07/06 04:43,お客様0187,customer0187@example.com,お手入れの方法,木のトレーは食洗機で洗えますか。お手入れの方法を知りたいです。,問合せ
2025/07/06 05:07,お客様0188,customer0188@example.com,採用について,店舗スタッフの募集はしていますか。,その他
2025/07/06 05:44,お客様0189,customer0189@example.com,注文と違う商品,KM-2507189-9810 でブランケットを注文したのに、別の商品が届きました。どうなっているのですか。,苦情
2025/07/06 06:38,お客様0190,customer0190@example.com,プレゼントに喜ばれました,箸置きを贈り物にしたら、とても喜ばれました。また利用します。,お礼
2025/07/06 07:00,お客様0191,customer0191@example.com,ガラスのコップの在庫について,ガラスのコップの在庫はいつ頃入りますか。入荷したら購入したいです。,問合せ
2025/07/06 07:49,お客様0192,customer0192@example.com,まだ届きません,KM-2507192-8396 のハンドタオルが、予定日を 3 日過ぎても届きません。いつ届くのか教えてください。,苦情
2025/07/06 08:02,お客様0193,customer0193@example.com,ハンドタオルの在庫について,ハンドタオルの在庫はいつ頃入りますか。入荷したら購入したいです。,問合せ
2025/07/06 09:00,お客様0194,customer0194@example.com,マグカップの在庫について,マグカップの在庫はいつ頃入りますか。入荷したら購入したいです。,問合せ
2025/07/06 09:41,お客様0195,customer0195@example.com,丁寧な対応に感謝,先日の交換の件、丁寧に対応していただきありがとうございました。,お礼
2025/07/06 10:01,お客様0196,customer0196@example.com,支払い方法,コンビニ払いは使えますか。ガラスのコップを購入したいです。,問合せ
2025/07/06 10:45,お客様0197,customer0197@example.com,注文と違う商品,KM-2507197-5066 でランチョンマットを注文したのに、別の商品が届きました。どうなっているのですか。,苦情
2025/07/06 11:24,お客様0198,customer0198@example.com,ラッピングについて,KM-2507198-5191 の注文ですが、プレゼント用のラッピングは追加できますか。,問合せ
2025/07/06 11:55,お客様0199,customer0199@example.com,配送日の指定,KM-2507199-2107 の配送日を来週の土曜日に指定できますか。,問合せ
2025/07/06 12:42,お客様0200,customer0200@example.com,早い発送ありがとうございます,KM-2507200-0457 がすぐに届きました。梱包も丁寧でうれしかったです。,お礼
2025/07/06 13:00,お客様0201,customer0201@example.com,配送日の指定,KM-2507201-1819 の配送日を来週の土曜日に指定できますか。,問合せ
2025/07/06 13:56,お客様0202,customer0202@example.com,ラッピングについて,KM-2507202-0938 の注文ですが、プレゼント用のラッピングは追加できますか。,問合せ
2025/07/06 14:35,お客様0203,customer0203@example.com,配送日の指定,KM-2507203-5405 の配送日を来週の土曜日に指定できますか。,問合せ
2025/07/06 15:03,お客様0204,customer0204@example.com,ラッピングについて,KM-2507204-2895 の注文ですが、プレゼント用のラッピングは追加できますか。,問合せ
2025/07/06 15:50,お客様0205,customer0205@example.com,システム保守のご案内,ネットショップのシステム保守サービスのご案内です。,その他
2025/07/06 16:23,お客様0206,customer0206@example.com,注文内容の変更,KM-2507206-8977 で注文した花瓶の色を変更したいのですが、まだ間に合いますか。,問合せ
2025/07/06 16:57,お客様0207,customer0207@example.com,対応が遅い,先週問い合わせたのに返事がありません。KM-2507207-1328 の件、どうなっていますか。,苦情
2025/07/06 17:34,お客様0208,customer0208@example.com,システム保守のご案内,ネットショップのシステム保守サービスのご案内です。,その他
2025/07/06 18:12,お客様0209,customer0209@example.com,ガラスのコップに傷がありました,届いたガラスのコップに目立つ傷がありました。返品できますか。,苦情
2025/07/06 18:40,お客様0210,customer0210@example.com,豆皿のサイズ,豆皿の大きさを教えてください。棚に入るか確かめたいです。,問合せ
2025/07/06 19:12,お客様0211,customer0211@example.com,ラッピングについて,KM-2507211-1464 の注文ですが、プレゼント用のラッピングは追加できますか。,問合せ
2025/07/06 19:59,お客様0212,customer0212@example.com,ラッピングについて,KM-2507212-8434 の注文ですが、プレゼント用のラッピングは追加できますか。,問合せ
2025/07/06 20:22,お客様0213,customer0213@example.com,すてきなキャンドルでした,届いたキャンドルがとてもすてきでした。家族も喜んでいます。ありがとうございました。,お礼
2025/07/06 21:22,お客様0214,customer0214@example.com,お手入れの方法,ハンドタオルは食洗機で洗えますか。お手入れの方法を知りたいです。,問合せ
2025/07/06 21:50,お客様0215,customer0215@example.com,プレゼントに喜ばれました,ハンドタオルを贈り物にしたら、とても喜ばれました。また利用します。,お礼
2025/07/06 22:42,お客様0216,customer0216@example.com,マグカップの在庫について,マグカップの在庫はいつ頃入りますか。入荷したら購入したいです。,問合せ
2025/07/06 22:54,お客様0217,customer0217@example.com,ラッピングについて,KM-2507217-1240 の注文ですが、プレゼント用のラッピングは追加できますか。,問合せ
2025/07/06 23:47,お客様0218,customer0218@example.com,支払い方法,コンビニ払いは使えますか。木のトレーを購入したいです。,問合せ
2025/07/07 00:31,お客様0219,customer0219@example.com,二重に請求されています,KM-2507219-2042 の代金が二重に引き落とされています。すぐに確認してください。,苦情
2025/07/07 01:01,お客様0220,customer0220@example.com,まだ届きません,KM-2507220-7791 の木のトレーが、予定日を 3 日過ぎても届きません。いつ届くのか教えてください。,苦情
2025/07/07 01:46,お客様0221,customer0221@example.com,早い発送ありがとうございます,KM-2507221-3228 がすぐに届きました。梱包も丁寧でうれしかったです。,お礼
2025/07/07 02:09,お客様0222,customer0222@example.com,システム保守のご案内,ネットショップのシステム保守サービスのご案内です。,その他
2025/07/07 02:35,お客様0223,customer0223@example.com,早い発送ありがとうございます,KM-2507223-8179 がすぐに届きました。梱包も丁寧でうれしかったです。,お礼
2025/07/07 03:24,お客様0224,customer0224@example.com,まだ届きません,KM-2507224-3091 の箸置きが、予定日を 3 日過ぎても届きません。いつ届くのか教えてください。,苦情
2025/07/07 04:09,お客様0225,customer0225@example.com,配送日の指定,KM-2507225-0667 の配送日を来週の土曜日に指定できますか。,問合せ
2025/07/07 04:32,お客様0226,customer0226@example.com,アンケートのお願い,ネットショップの利用に関するアンケートにご協力いただけませんか。,その他
2025/07/07 05:21,お客様0227,customer0227@example.com,領収書の発行,KM-2507227-3007 の領収書を発行してもらえますか。,問合せ
2025/07/07 05:51,お客様0228,customer0228@example.com,届いたハンドタオルが割れていました,KM-2507228-2117 で届いたハンドタオルが割れていました。交換をお願いします。写真も送れます。,苦情
2025/07/07 06:21,お客様0229,customer0229@example.com,注文内容の変更,KM-2507229-5553 で注文した箸置きの色を変更したいのですが、まだ間に合いますか。,問合せ
2025/07/07 06:51,お客様0230,customer0230@example.com,ラッピングについて,KM-2507230-0015 の注文ですが、プレゼント用のラッピングは追加できますか。,問合せ
2025/07/07 07:31,お客様0231,customer0231@example.com,対応が遅い,先週問い合わせたのに返事がありません。KM-2507231-5427 の件、どうなっていますか。,苦情
2025/07/07 08:15,お客様0232,customer0232@example.com,注文内容の変更,KM-2507232-6151 で注文したキャンドルの色を変更したいのですが、まだ間に合いますか。,問合せ
2025/07/07 08:44,お客様0233,customer0233@example.com,届いたブランケットが割れていました,KM-2507233-8462 で届いたブランケットが割れていました。交換をお願いします。写真も送れます。,苦情
2025/07/07 09:48,お客様0234,customer0234@example.com,システム保守のご案内,ネットショップのシステム保守サービスのご案内です。,その他
2025/07/07 10:23,お客様0235,customer0235@example.com,プレゼントに喜ばれました,花瓶を贈り物にしたら、とても喜ばれました。また利用します。,お礼
2025/07/07 10:42,お客様0236,customer0236@example.com,二重に請求されています,KM-2507236-8245 の代金が二重に引き落とされています。すぐに確認してください。,苦情
2025/07/07 11:27,お客様0237,customer0237@example.com,プレゼントに喜ばれました,花瓶を贈り物にしたら、とても喜ばれました。また利用します。,お礼
2025/07/07 11:50,お客様0238,customer0238@example.com,対応が遅い,先週問い合わせたのに返事がありません。KM-2507238-9586 の件、どうなっていますか。,苦情
2025/07/07 12:50,お客様0239,customer0239@example.com,取材のお願い,雑貨の特集で、お店を取材させていただけないでしょうか。,その他
2025/07/07 13:00,お客様0240,customer0240@example.com,支払い方法,コンビニ払いは使えますか。箸置きを購入したいです。,問合せ
2025/07/07 13:50,お客様0241,customer0241@example.com,領収書の発行,KM-2507241-6693 の領収書を発行してもらえますか。,問合せ
2025/07/07 14:38,お客様0242,customer0242@example.com,注文と違う商品,KM-2507242-7587 で豆皿を注文したのに、別の商品が届きました。どうなっているのですか。,苦情
2025/07/07 15:14,お客様0243,customer0243@example.com,配送日の指定,KM-2507243-1749 の配送日を来週の土曜日に指定できますか。,問合せ
2025/07/07 15:33,お客様0244,customer0244@example.com,配送日の指定,KM-2507244-8150 の配送日を来週の土曜日に指定できますか。,問合せ
2025/07/07 16:06,お客様0245,customer0245@example.com,ラッピングについて,KM-2507245-8139 の注文ですが、プレゼント用のラッピングは追加できますか。,問合せ
2025/07/07 16:57,お客様0246,customer0246@example.com,取材のお願い,雑貨の特集で、お店を取材させていただけないでしょうか。,その他
2025/07/07 17:43,お客様0247,customer0247@example.com,ラッピングについて,KM-2507247-3022 の注文ですが、プレゼント用のラッピングは追加できますか。,問合せ
2025/07/07 18:15,お客様0248,customer0248@example.com,支払い方法,コンビニ払いは使えますか。ランチョンマットを購入したいです。,問合せ
2025/07/07 19:02,お客様0249,customer0249@example.com,対応が遅い,先週問い合わせたのに返事がありません。KM-2507249-9024 の件、どうなっていますか。,苦情
2025/07/07 19:31,お客様0250,customer0250@example.com,ラッピングについて,KM-2507250-3567 の注文ですが、プレゼント用のラッピングは追加できますか。,問合せ
2025/07/07 20:05,お客様0251,customer0251@example.com,ランチョンマットに傷がありました,届いたランチョンマットに目立つ傷がありました。返品できますか。,苦情
2025/07/07 20:30,お客様0252,customer0252@example.com,まだ届きません,KM-2507252-7354 のキャンドルが、予定日を 3 日過ぎても届きません。いつ届くのか教えてください。,苦情
2025/07/07 21:06,お客様0253,customer0253@example.com,注文内容の変更,KM-2507253-8592 で注文した豆皿の色を変更したいのですが、まだ間に合いますか。,問合せ
2025/07/07 21:46,お客様0254,customer0254@example.com,プレゼントに喜ばれました,ランチョンマットを贈り物にしたら、とても喜ばれました。また利用します。,お礼
2025/07/07 22:26,お客様0255,customer0255@example.com,マグカップの在庫について,マグカップの在庫はいつ頃入りますか。入荷したら購入したいです。,問合せ
2025/07/07 22:54,お客様0256,customer0256@example.com,支払い方法,コンビニ払いは使えますか。ガラスのコップを購入したいです。,問合せ
2025/07/07 23:44,お客様0257,customer0257@example.com,お手入れの方法,ガラスのコップは食洗機で洗えますか。お手入れの方法を知りたいです。,問合せ
2025/07/08 00:09,お客様0258,customer0258@example.com,配送日の指定,KM-2507258-8985 の配送日を来週の土曜日に指定できますか。,問合せ
2025/07/08 01:12,お客様0259,customer0259@example.com,木のトレーのサイズ,木のトレーの大きさを教えてください。棚に入るか確かめたいです。,問合せ
2025/07/08 01:35,お客様0260,customer0260@example.com,配送日の指定,KM-2507260-2525 の配送日を来週の土曜日に指定できますか。,問合せ
2025/07/08 02:12,お客様0261,customer0261@example.com,早い発送ありがとうございます,KM-2507261-5673 がすぐに届きました。梱包も丁寧でうれしかったです。,お礼
2025/07/08 03:03,お客様0262,customer0262@example.com,丁寧な対応に感謝,先日の交換の件、丁寧に対応していただきありがとうございました。,お礼
2025/07/08 03:31,お客様0263,customer0263@example.com,取材のお願い,雑貨の特集で、お店を取材させていただけないでしょうか。,その他
2025/07/08 03:52,お客様0264,customer0264@example.com,花瓶に傷がありました,届いた花瓶に目立つ傷がありました。返品できますか。,苦情
2025/07/08 04:51,お客様0265,customer0265@example.com,支払い方法,コンビニ払いは使えますか。ハンドタオルを購入したいです。,問合せ
2025/07/08 05:04,お客様0266,customer0266@example.com,システム保守のご案内,ネットショップのシステム保守サービスのご案内です。,その他
2025/07/08 05:57,お客様0267,customer0267@example.com,アンケートのお願い,ネットショップの利用に関するアンケートにご協力いただけませんか。,その他
2025/07/08 06:36,お客様0268,customer0268@example.com,ラッピングについて,KM-2507268-9422 の注文ですが、プレゼント用のラッピングは追加できますか。,問合せ
2025/07/08 07:04,お客様0269,customer0269@example.com,注文内容の変更,KM-2507269-0795 で注文したブランケットの色を変更したいのですが、まだ間に合いますか。,問合せ
2025/07/08 07:37,お客様0270,customer0270@example.com,まだ届きません,KM-2507270-6075 の木のトレーが、予定日を 3 日過ぎても届きません。いつ届くのか教えてください。,苦情
2025/07/08 08:13,お客様0271,customer0271@example.com,注文と違う商品,KM-2507271-8433 でハンドタオルを注文したのに、別の商品が届きました。どうなっているのですか。,苦情
2025/07/08 08:47,お客様0272,customer0272@example.com,支払い方法,コンビニ払いは使えますか。キャンドルを購入したいです。,問合せ
2025/07/08 09:36,お客様0273,customer0273@example.com,仕入れのご提案,当社のブランケットをお取り扱いいただけないか、ご提案させてください。,その他
2025/07/08 10:22,お客様0274,customer0274@example.com,梱包がひどい,KM-2507274-9107 の箱が潰れていて、花瓶の角が欠けていました。残念です。,苦情
2025/07/08 10:43,お客様0275,customer0275@example.com,お手入れの方法,花瓶は食洗機で洗えますか。お手入れの方法を知りたいです。,問合せ
2025/07/08 11:31,お客様0276,customer0276@example.com,注文と違う商品,KM-2507276-8775 でブランケットを注文したのに、別の商品が届きました。どうなっているのですか。,苦情
2025/07/08 12:13,お客様0277,customer0277@example.com,丁寧な対応に感謝,先日の交換の件、丁寧に対応していただきありがとうございました。,お礼
2025/07/08 12:54,お客様0278,customer0278@example.com,注文内容の変更,KM-2507278-0763 で注文した花瓶の色を変更したいのですが、まだ間に合いますか。,問合せ
2025/07/08 13:04,お客様0279,customer0279@example.com,花瓶のサイズ,花瓶の大きさを教えてください。棚に入るか確かめたいです。,問合せ
2025/07/08 13:42,お客様0280,customer0280@example.com,お手入れの方法,木のトレーは食洗機で洗えますか。お手入れの方法を知りたいです。,問合せ
2025/07/08 14:26,お客様0281,customer0281@example.com,プレゼントに喜ばれました,ブランケットを贈り物にしたら、とても喜ばれました。また利用します。,お礼
2025/07/08 15:21,お客様0282,customer0282@example.com,対応が遅い,先週問い合わせたのに返事がありません。KM-2507282-6908 の件、どうなっていますか。,苦情
2025/07/08 15:47,お客様0283,customer0283@example.com,梱包がひどい,KM-2507283-3386 の箱が潰れていて、豆皿の角が欠けていました。残念です。,苦情
2025/07/08 16:32,お客様0284,customer0284@example.com,支払い方法,コンビニ払いは使えますか。花瓶を購入したいです。,問合せ
2025/07/08 17:15,お客様0285,customer0285@example.com,配送日の指定,KM-2507285-3751 の配送日を来週の土曜日に指定できますか。,問合せ
2025/07/08 17:37,お客様0286,customer0286@example.com,ランチョンマットの在庫について,ランチョンマットの在庫はいつ頃入りますか。入荷したら購入したいです。,問合せ
2025/07/08 18:07,お客様0287,customer0287@example.com,すてきなキャンドルでした,届いたキャンドルがとてもすてきでした。家族も喜んでいます。ありがとうございました。,お礼
2025/07/08 19:03,お客様0288,customer0288@example.com,ラッピングについて,KM-2507288-2740 の注文ですが、プレゼント用のラッピングは追加できますか。,問合せ
2025/07/08 19:30,お客様0289,customer0289@example.com,配送日の指定,KM-2507289-1400 の配送日を来週の土曜日に指定できますか。,問合せ
2025/07/08 20:10,お客様0290,customer0290@example.com,花瓶の在庫について,花瓶の在庫はいつ頃入りますか。入荷したら購入したいです。,問合せ
2025/07/08 20:32,お客様0291,customer0291@example.com,支払い方法,コンビニ払いは使えますか。花瓶を購入したいです。,問合せ
2025/07/08 21:28,お客様0292,customer0292@example.com,早い発送ありがとうございます,KM-2507292-6336 がすぐに届きました。梱包も丁寧でうれしかったです。,お礼
2025/07/08 22:02,お客様0293,customer0293@example.com,早い発送ありがとうございます,KM-2507293-9308 がすぐに届きました。梱包も丁寧でうれしかったです。,お礼
2025/07/08 22:32,お客様0294,customer0294@example.com,プレゼントに喜ばれました,花瓶を贈り物にしたら、とても喜ばれました。また利用します。,お礼
2025/07/08 23:02,お客様0295,customer0295@example.com,システム保守のご案内,ネットショップのシステム保守サービスのご案内です。,その他
2025/07/08 23:58,お客様0296,customer0296@example.com,取材のお願い,雑貨の特集で、お店を取材させていただけないでしょうか。,その他
2025/07/09 00:38,お客様0297,customer0297@example.com,丁寧な対応に感謝,先日の交換の件、丁寧に対応していただきありがとうございました。,お礼
2025/07/09 01:06,お客様0298,customer0298@example.com,ラッピングについて,KM-2507298-6071 の注文ですが、プレゼント用のラッピングは追加できますか。,問合せ
2025/07/09 01:45,お客様0299,customer0299@example.com,システム保守のご案内,ネットショップのシステム保守サービスのご案内です。,その他
2025/07/09 02:13,お客様0300,customer0300@example.com,システム保守のご案内,ネットショップのシステム保守サービスのご案内です。,その他
2025/07/09 02:56,お客様0301,customer0301@example.com,ハンドタオルの在庫について,ハンドタオルの在庫はいつ頃入りますか。入荷したら購入したいです。,問合せ
2025/07/09 03:40,お客様0302,customer0302@example.com,お手入れの方法,ハンドタオルは食洗機で洗えますか。お手入れの方法を知りたいです。,問合せ
2025/07/09 03:59,お客様0303,customer0303@example.com,届いた木のトレーが割れていました,KM-2507303-3146 で届いた木のトレーが割れていました。交換をお願いします。写真も送れます。,苦情
2025/07/09 04:42,お客様0304,customer0304@example.com,アンケートのお願い,ネットショップの利用に関するアンケートにご協力いただけませんか。,その他
2025/07/09 05:33,お客様0305,customer0305@example.com,注文内容の変更,KM-2507305-3661 で注文したランチョンマットの色を変更したいのですが、まだ間に合いますか。,問合せ
2025/07/09 05:47,お客様0306,customer0306@example.com,採用について,店舗スタッフの募集はしていますか。,その他
2025/07/09 06:47,お客様0307,customer0307@example.com,ブランケットの在庫について,ブランケットの在庫はいつ頃入りますか。入荷したら購入したいです。,問合せ
2025/07/09 07:23,お客様0308,customer0308@example.com,すてきなキャンドルでした,届いたキャンドルがとてもすてきでした。家族も喜んでいます。ありがとうございました。,お礼
2025/07/09 07:56,お客様0309,customer0309@example.com,ラッピングについて,KM-2507309-4544 の注文ですが、プレゼント用のラッピングは追加できますか。,問合せ
2025/07/09 08:31,お客様0310,customer0310@example.com,支払い方法,コンビニ払いは使えますか。マグカップを購入したいです。,問合せ
2025/07/09 09:09,お客様0311,customer0311@example.com,注文と違う商品,KM-2507311-8185 でブランケットを注文したのに、別の商品が届きました。どうなっているのですか。,苦情
2025/07/09 09:38,お客様0312,customer0312@example.com,対応が遅い,先週問い合わせたのに返事がありません。KM-2507312-3234 の件、どうなっていますか。,苦情
2025/07/09 10:03,お客様0313,customer0313@example.com,二重に請求されています,KM-2507313-5759 の代金が二重に引き落とされています。すぐに確認してください。,苦情
2025/07/09 10:52,お客様0314,customer0314@example.com,丁寧な対応に感謝,先日の交換の件、丁寧に対応していただきありがとうございました。,お礼
2025/07/09 11:28,お客様0315,customer0315@example.com,早い発送ありがとうございます,KM-2507315-0880 がすぐに届きました。梱包も丁寧でうれしかったです。,お礼
2025/07/09 12:01,お客様0316,customer0316@example.com,支払い方法,コンビニ払いは使えますか。花瓶を購入したいです。,問合せ
2025/07/09 12:49,お客様0317,customer0317@example.com,注文内容の変更,KM-2507317-1613 で注文したハンドタオルの色を変更したいのですが、まだ間に合いますか。,問合せ
2025/07/09 13:11,お客様0318,customer0318@example.com,まだ届きません,KM-2507318-0446 の花瓶が、予定日を 3 日過ぎても届きません。いつ届くのか教えてください。,苦情
2025/07/09 13:44,お客様0319,customer0319@example.com,まだ届きません,KM-2507319-8738 の花瓶が、予定日を 3 日過ぎても届きません。いつ届くのか教えてください。,苦情
2025/07/09 14:22,お客様0320,customer0320@example.com,早い発送ありがとうございます,KM-2507320-1238 がすぐに届きました。梱包も丁寧でうれしかったです。,お礼
2025/07/09 15:14,お客様0321,customer0321@example.com,支払い方法,コンビニ払いは使えますか。箸置きを購入したいです。,問合せ
2025/07/09 15:44,お客様0322,customer0322@example.com,キャンドルに傷がありました,届いたキャンドルに目立つ傷がありました。返品できますか。,苦情
2025/07/09 16:17,お客様0323,customer0323@example.com,ラッピングについて,KM-2507323-9767 の注文ですが、プレゼント用のラッピングは追加できますか。,問合せ
2025/07/09 16:56,お客様0324,customer0324@example.com,ランチョンマットのサイズ,ランチョンマットの大きさを教えてください。棚に入るか確かめたいです。,問合せ
2025/07/09 17:33,お客様0325,customer0325@example.com,届いた豆皿が割れていました,KM-2507325-2944 で届いた豆皿が割れていました。交換をお願いします。写真も送れます。,苦情
2025/07/09 18:09,お客様0326,customer0326@example.com,支払い方法,コンビニ払いは使えますか。ブランケットを購入したいです。,問合せ
2025/07/09 19:03,お客様0327,customer0327@example.com,配送日の指定,KM-2507327-4959 の配送日を来週の土曜日に指定できますか。,問合せ
2025/07/09 19:27,お客様0328,customer0328@example.com,ブランケットのサイズ,ブランケットの大きさを教えてください。棚に入るか確かめたいです。,問合せ
2025/07/09 20:23,お客様0329,customer0329@example.com,まだ届きません,KM-2507329-1291 のブランケットが、予定日を 3 日過ぎても届きません。いつ届くのか教えてください。,苦情
2025/07/09 20:39,お客様0330,customer0330@example.com,取材のお願い,雑貨の特集で、お店を取材させていただけないでしょうか。,その他
2025/07/09 21:17,お客様0331,customer0331@example.com,すてきなキャンドルでした,届いたキャンドルがとてもすてきでした。家族も喜んでいます。ありがとうございました。,お礼
2025/07/09 21:50,お客様0332,customer0332@example.com,対応が遅い,先週問い合わせたのに返事がありません。KM-2507332-2771 の件、どうなっていますか。,苦情
2025/07/09 22:47,お客様0333,customer0333@example.com,支払い方法,コンビニ払いは使えますか。ハンドタオルを購入したいです。,問合せ
2025/07/09 23:19,お客様0334,customer0334@example.com,お手入れの方法,箸置きは食洗機で洗えますか。お手入れの方法を知りたいです。,問合せ
2025/07/09 23:47,お客様0335,customer0335@example.com,アンケートのお願い,ネットショップの利用に関するアンケートにご協力いただけませんか。,その他
2025/07/10 00:25,お客様0336,customer0336@example.com,注文と違う商品,KM-2507336-1351 でブランケットを注文したのに、別の商品が届きました。どうなっているのですか。,苦情
2025/07/10 01:16,お客様0337,customer0337@example.com,お手入れの方法,ブランケットは食洗機で洗えますか。お手入れの方法を知りたいです。,問合せ
2025/07/10 01:55,お客様0338,customer0338@example.com,支払い方法,コンビニ払いは使えますか。マグカップを購入したいです。,問合せ
2025/07/10 02:23,お客様0339,customer0339@example.com,ブランケットのサイズ,ブランケットの大きさを教えてください。棚に入るか確かめたいです。,問合せ
2025/07/10 02:47,お客様0340,customer0340@example.com,注文と違う商品,KM-2507340-1738 でブランケットを注文したのに、別の商品が届きました。どうなっているのですか。,苦情
2025/07/10 03:46,お客様0341,customer0341@example.com,支払い方法,コンビニ払いは使えますか。ガラスのコップを購入したいです。,問合せ
2025/07/10 03:56,お客様0342,customer0342@example.com,ラッピングについて,KM-2507342-9905 の注文ですが、プレゼント用のラッピングは追加できますか。,問合せ
2025/07/10 04:38,お客様0343,customer0343@example.com,二重に請求されています,KM-2507343-1959 の代金が二重に引き落とされています。すぐに確認してください。,苦情
2025/07/10 05:15,お客様0344,customer0344@example.com,仕入れのご提案,当社のハンドタオルをお取り扱いいただけないか、ご提案させてください。,その他
2025/07/10 05:53,お客様0345,customer0345@example.com,支払い方法,コンビニ払いは使えますか。ランチョンマットを購入したいです。,問合せ
2025/07/10 06:48,お客様0346,customer0346@example.com,配送日の指定,KM-2507346-7713 の配送日を来週の土曜日に指定できますか。,問合せ
2025/07/10 07:03,お客様0347,customer0347@example.com,採用について,店舗スタッフの募集はしていますか。,その他
2025/07/10 08:04,お客様0348,customer0348@example.com,二重に請求されています,KM-2507348-5200 の代金が二重に引き落とされています。すぐに確認してください。,苦情
2025/07/10 08:33,お客様0349,customer0349@example.com,ラッピングについて,KM-2507349-4447 の注文ですが、プレゼント用のラッピングは追加できますか。,問合せ
2025/07/10 09:01,お客様0350,customer0350@example.com,注文内容の変更,KM-2507350-2205 で注文したガラスのコップの色を変更したいのですが、まだ間に合いますか。,問合せ
2025/07/10 09:37,お客様0351,customer0351@example.com,早い発送ありがとうございます,KM-2507351-1855 がすぐに届きました。梱包も丁寧でうれしかったです。,お礼
2025/07/10 10:14,お客様0352,customer0352@example.com,プレゼントに喜ばれました,豆皿を贈り物にしたら、とても喜ばれました。また利用します。,お礼
2025/07/10 10:51,お客様0353,customer0353@example.com,ガラスのコップに傷がありました,届いたガラスのコップに目立つ傷がありました。返品できますか。,苦情
2025/07/10 11:42,お客様0354,customer0354@example.com,お手入れの方法,キャンドルは食洗機で洗えますか。お手入れの方法を知りたいです。,問合せ
2025/07/10 12:06,お客様0355,customer0355@example.com,注文内容の変更,KM-2507355-2824 で注文したブランケットの色を変更したいのですが、まだ間に合いますか。,問合せ
2025/07/10 12:34,お客様0356,customer0356@example.com,すてきなブランケットでした,届いたブランケットがとてもすてきでした。家族も喜んでいます。ありがとうございました。,お礼
2025/07/10 13:31,お客様0357,customer0357@example.com,採用について,店舗スタッフの募集はしていますか。,その他
2025/07/10 14:03,お客様0358,customer0358@example.com,領収書の発行,KM-2507358-6646 の領収書を発行してもらえますか。,問合せ
2025/07/10 14:32,お客様0359,customer0359@example.com,対応が遅い,先週問い合わせたのに返事がありません。KM-2507359-0543 の件、どうなっていますか。,苦情
2025/07/10 15:20,お客様0360,customer0360@example.com,ラッピングについて,KM-2507360-5262 の注文ですが、プレゼント用のラッピングは追加できますか。,問合せ
2025/07/10 15:44,お客様0361,customer0361@example.com,取材のお願い,雑貨の特集で、お店を取材させていただけないでしょうか。,その他
2025/07/10 16:39,お客様0362,customer0362@example.com,花瓶に傷がありました,届いた花瓶に目立つ傷がありました。返品できますか。,苦情
2025/07/10 16:53,お客様0363,customer0363@example.com,届いたブランケットが割れていました,KM-2507363-8398 で届いたブランケットが割れていました。交換をお願いします。写真も送れます。,苦情
2025/07/10 17:58,お客様0364,customer0364@example.com,箸置きのサイズ,箸置きの大きさを教えてください。棚に入るか確かめたいです。,問合せ
2025/07/10 18:17,お客様0365,customer0365@example.com,丁寧な対応に感謝,先日の交換の件、丁寧に対応していただきありがとうございました。,お礼
2025/07/10 18:45,お客様0366,customer0366@example.com,ラッピングについて,KM-2507366-4463 の注文ですが、プレゼント用のラッピングは追加できますか。,問合せ
2025/07/10 19:31,お客様0367,customer0367@example.com,支払い方法,コンビニ払いは使えますか。ガラスのコップを購入したいです。,問合せ
2025/07/10 20:02,お客様0368,customer0368@example.com,キャンドルの在庫について,キャンドルの在庫はいつ頃入りますか。入荷したら購入したいです。,問合せ
2025/07/10 20:51,お客様0369,customer0369@example.com,支払い方法,コンビニ払いは使えますか。ハンドタオルを購入したいです。,問合せ
2025/07/10 21:36,お客様0370,customer0370@example.com,キャンドルの在庫について,キャンドルの在庫はいつ頃入りますか。入荷したら購入したいです。,問合せ
2025/07/10 22:14,お客様0371,customer0371@example.com,領収書の発行,KM-2507371-5777 の領収書を発行してもらえますか。,問合せ
2025/07/10 22:40,お客様0372,customer0372@example.com,二重に請求されています,KM-2507372-9548 の代金が二重に引き落とされています。すぐに確認してください。,苦情
2025/07/10 23:27,お客様0373,customer0373@example.com,プレゼントに喜ばれました,ランチョンマットを贈り物にしたら、とても喜ばれました。また利用します。,お礼
2025/07/11 00:05,お客様0374,customer0374@example.com,注文と違う商品,KM-2507374-0150 でハンドタオルを注文したのに、別の商品が届きました。どうなっているのですか。,苦情
2025/07/11 00:43,お客様0375,customer0375@example.com,梱包がひどい,KM-2507375-3492 の箱が潰れていて、木のトレーの角が欠けていました。残念です。,苦情
2025/07/11 00:53,お客様0376,customer0376@example.com,ガラスのコップのサイズ,ガラスのコップの大きさを教えてください。棚に入るか確かめたいです。,問合せ
2025/07/11 01:58,お客様0377,customer0377@example.com,支払い方法,コンビニ払いは使えますか。マグカップを購入したいです。,問合せ
2025/07/11 02:15,お客様0378,customer0378@example.com,すてきなブランケットでした,届いたブランケットがとてもすてきでした。家族も喜んでいます。ありがとうございました。,お礼
2025/07/11 02:48,お客様0379,customer0379@example.com,対応が遅い,先週問い合わせたのに返事がありません。KM-2507379-0828 の件、どうなっていますか。,苦情
2025/07/11 03:30,お客様0380,customer0380@example.com,お手入れの方法,ランチョンマットは食洗機で洗えますか。お手入れの方法を知りたいです。,問合せ
2025/07/11 04:15,お客様0381,customer0381@example.com,配送日の指定,KM-2507381-1345 の配送日を来週の土曜日に指定できますか。,問合せ
2025/07/11 04:59,お客様0382,customer0382@example.com,早い発送ありがとうございます,KM-2507382-7366 がすぐに届きました。梱包も丁寧でうれしかったです。,お礼
2025/07/11 05:34,お客様0383,customer0383@example.com,すてきなマグカップでした,届いたマグカップがとてもすてきでした。家族も喜んでいます。ありがとうございました。,お礼
2025/07/11 05:52,お客様0384,customer0384@example.com,早い発送ありがとうございます,KM-2507384-5790 がすぐに届きました。梱包も丁寧でうれしかったです。,お礼
2025/07/11 06:30,お客様0385,customer0385@example.com,注文内容の変更,KM-2507385-6089 で注文した豆皿の色を変更したいのですが、まだ間に合いますか。,問合せ
2025/07/11 07:27,お客様0386,customer0386@example.com,すてきなキャンドルでした,届いたキャンドルがとてもすてきでした。家族も喜んでいます。ありがとうございました。,お礼
2025/07/11 07:42,お客様0387,customer0387@example.com,早い発送ありがとうございます,KM-2507387-1685 がすぐに届きました。梱包も丁寧でうれしかったです。,お礼
2025/07/11 08:29,お客様0388,customer0388@example.com,配送日の指定,KM-2507388-1137 の配送日を来週の土曜日に指定できますか。,問合せ
2025/07/11 08:53,お客様0389,customer0389@example.com,木のトレーのサイズ,木のトレーの大きさを教えてください。棚に入るか確かめたいです。,問合せ
2025/07/11 09:48,お客様0390,customer0390@example.com,木のトレーに傷がありました,届いた木のトレーに目立つ傷がありました。返品できますか。,苦情
2025/07/11 10:26,お客様0391,customer0391@example.com,ラッピングについて,KM-2507391-7270 の注文ですが、プレゼント用のラッピングは追加できますか。,問合せ
2025/07/11 10:44,お客様0392,customer0392@example.com,対応が遅い,先週問い合わせたのに返事がありません。KM-2507392-2184 の件、どうなっていますか。,苦情
2025/07/11 11:42,お客様0393,customer0393@example.com,まだ届きません,KM-2507393-3784 のガラスのコップが、予定日を 3 日過ぎても届きません。いつ届くのか教えてください。,苦情
2025/07/11 11:58,お客様0394,customer0394@example.com,配送日の指定,KM-2507394-9431 の配送日を来週の土曜日に指定できますか。,問合せ
2025/07/11 13:00,お客様0395,customer0395@example.com,領収書の発行,KM-2507395-4442 の領収書を発行してもらえますか。,問合せ
2025/07/11 13:40,お客様0396,customer0396@example.com,プレゼントに喜ばれました,花瓶を贈り物にしたら、とても喜ばれました。また利用します。,お礼
2025/07/11 14:10,お客様0397,customer0397@example.com,領収書の発行,KM-2507397-3075 の領収書を発行してもらえますか。,問合せ
2025/07/11 14:36,お客様0398,customer0398@example.com,システム保守のご案内,ネットショップのシステム保守サービスのご案内です。,その他
2025/07/11 15:22,お客様0399,customer0399@example.com,届いたブランケットが割れていました,KM-2507399-4167 で届いたブランケットが割れていました。交換をお願いします。写真も送れます。,苦情
2025/07/11 15:50,お客様0400,customer0400@example.com,ブランケットの在庫について,ブランケットの在庫はいつ頃入りますか。入荷したら購入したいです。,問合せ
2025/07/11 16:42,お客様0401,customer0401@example.com,領収書の発行,KM-2508401-1739 の領収書を発行してもらえますか。,問合せ
2025/07/11 16:59,お客様0402,customer0402@example.com,木のトレーに傷がありました,届いた木のトレーに目立つ傷がありました。返品できますか。,苦情
2025/07/11 17:57,お客様0403,customer0403@example.com,注文と違う商品,KM-2508403-3427 で豆皿を注文したのに、別の商品が届きました。どうなっているのですか。,苦情
2025/07/11 18:19,お客様0404,customer0404@example.com,梱包がひどい,KM-2508404-9003 の箱が潰れていて、花瓶の角が欠けていました。残念です。,苦情
2025/07/11 18:55,お客様0405,customer0405@example.com,二重に請求されています,KM-2508405-8483 の代金が二重に引き落とされています。すぐに確認してください。,苦情
2025/07/11 19:38,お客様0406,customer0406@example.com,支払い方法,コンビニ払いは使えますか。木のトレーを購入したいです。,問合せ
2025/07/11 20:15,お客様0407,customer0407@example.com,まだ届きません,KM-2508407-4808 のハンドタオルが、予定日を 3 日過ぎても届きません。いつ届くのか教えてください。,苦情
2025/07/11 20:52,お客様0408,customer0408@example.com,支払い方法,コンビニ払いは使えますか。花瓶を購入したいです。,問合せ
2025/07/11 21:20,お客様0409,customer0409@example.com,配送日の指定,KM-2508409-5716 の配送日を来週の土曜日に指定できますか。,問合せ
2025/07/11 22:10,お客様0410,customer0410@example.com,領収書の発行,KM-2508410-6070 の領収書を発行してもらえますか。,問合せ
2025/07/11 22:44,お客様0411,customer0411@example.com,すてきなランチョンマットでした,届いたランチョンマットがとてもすてきでした。家族も喜んでいます。ありがとうございました。,お礼
2025/07/11 23:09,お客様0412,customer0412@example.com,支払い方法,コンビニ払いは使えますか。花瓶を購入したいです。,問合せ
2025/07/11 23:58,お客様0413,customer0413@example.com,お手入れの方法,花瓶は食洗機で洗えますか。お手入れの方法を知りたいです。,問合せ
2025/07/12 00:47,お客様0414,customer0414@example.com,支払い方法,コンビニ払いは使えますか。ランチョンマットを購入したいです。,問合せ
2025/07/12 01:23,お客様0415,customer0415@example.com,アンケートのお願い,ネットショップの利用に関するアンケートにご協力いただけませんか。,その他
2025/07/12 01:34,お客様0416,customer0416@example.com,取材のお願い,雑貨の特集で、お店を取材させていただけないでしょうか。,その他
2025/07/12 02:38,お客様0417,customer0417@example.com,マグカップのサイズ,マグカップの大きさを教えてください。棚に入るか確かめたいです。,問合せ
2025/07/12 03:03,お客様0418,customer0418@example.com,システム保守のご案内,ネットショップのシステム保守サービスのご案内です。,その他
2025/07/12 03:50,お客様0419,customer0419@example.com,領収書の発行,KM-2508419-0068 の領収書を発行してもらえますか。,問合せ
2025/07/12 04:19,お客様0420,customer0420@example.com,ラッピングについて,KM-2508420-2754 の注文ですが、プレゼント用のラッピングは追加できますか。,問合せ
2025/07/12 04:49,お客様0421,customer0421@example.com,ラッピングについて,KM-2508421-4944 の注文ですが、プレゼント用のラッピングは追加できますか。,問合せ
2025/07/12 05:39,お客様0422,customer0422@example.com,領収書の発行,KM-2508422-8883 の領収書を発行してもらえますか。,問合せ
2025/07/12 06:16,お客様0423,customer0423@example.com,配送日の指定,KM-2508423-2334 の配送日を来週の土曜日に指定できますか。,問合せ
2025/07/12 06:55,お客様0424,customer0424@example.com,アンケートのお願い,ネットショップの利用に関するアンケートにご協力いただけませんか。,その他
2025/07/12 07:25,お客様0425,customer0425@example.com,配送日の指定,KM-2508425-8506 の配送日を来週の土曜日に指定できますか。,問合せ
2025/07/12 07:49,お客様0426,customer0426@example.com,注文内容の変更,KM-2508426-8891 で注文したキャンドルの色を変更したいのですが、まだ間に合いますか。,問合せ
2025/07/12 08:26,お客様0427,customer0427@example.com,対応が遅い,先週問い合わせたのに返事がありません。KM-2508427-7094 の件、どうなっていますか。,苦情
2025/07/12 09:20,お客様0428,customer0428@example.com,お手入れの方法,ブランケットは食洗機で洗えますか。お手入れの方法を知りたいです。,問合せ
2025/07/12 09:55,お客様0429,customer0429@example.com,対応が遅い,先週問い合わせたのに返事がありません。KM-2508429-4102 の件、どうなっていますか。,苦情
2025/07/12 10:11,お客様0430,customer0430@example.com,豆皿の在庫について,豆皿の在庫はいつ頃入りますか。入荷したら購入したいです。,問合せ
2025/07/12 11:13,お客様0431,customer0431@example.com,キャンドルに傷がありました,届いたキャンドルに目立つ傷がありました。返品できますか。,苦情
2025/07/12 11:41,お客様0432,customer0432@example.com,お手入れの方法,ハンドタオルは食洗機で洗えますか。お手入れの方法を知りたいです。,問合せ
2025/07/12 12:21,お客様0433,customer0433@example.com,支払い方法,コンビニ払いは使えますか。ランチョンマットを購入したいです。,問合せ
2025/07/12 12:56,お客様0434,customer0434@example.com,届いたマグカップが割れていました,KM-2508434-6135 で届いたマグカップが割れていました。交換をお願いします。写真も送れます。,苦情
2025/07/12 13:31,お客様0435,customer0435@example.com,注文と違う商品,KM-2508435-3595 でブランケットを注文したのに、別の商品が届きました。どうなっているのですか。,苦情
2025/07/12 13:54,お客様0436,customer0436@example.com,梱包がひどい,KM-2508436-3196 の箱が潰れていて、花瓶の角が欠けていました。残念です。,苦情
2025/07/12 14:49,お客様0437,customer0437@example.com,領収書の発行,KM-2508437-2486 の領収書を発行してもらえますか。,問合せ
2025/07/12 15:22,お客様0438,customer0438@example.com,お手入れの方法,ブランケットは食洗機で洗えますか。お手入れの方法を知りたいです。,問合せ
2025/07/12 16:07,お客様0439,customer0439@example.com,対応が遅い,先週問い合わせたのに返事がありません。KM-2508439-9170 の件、どうなっていますか。,苦情
2025/07/12 16:22,お客様0440,customer0440@example.com,プレゼントに喜ばれました,箸置きを贈り物にしたら、とても喜ばれました。また利用します。,お礼
2025/07/12 17:16,お客様0441,customer0441@example.com,アンケートのお願い,ネットショップの利用に関するアンケートにご協力いただけませんか。,その他
2025/07/12 17:40,お客様0442,customer0442@example.com,木のトレーのサイズ,木のトレーの大きさを教えてください。棚に入るか確かめたいです。,問合せ
2025/07/12 18:26,お客様0443,customer0443@example.com,取材のお願い,雑貨の特集で、お店を取材させていただけないでしょうか。,その他
2025/07/12 19:10,お客様0444,customer0444@example.com,早い発送ありがとうございます,KM-2508444-7267 がすぐに届きました。梱包も丁寧でうれしかったです。,お礼
2025/07/12 19:55,お客様0445,customer0445@example.com,早い発送ありがとうございます,KM-2508445-3676 がすぐに届きました。梱包も丁寧でうれしかったです。,お礼
2025/07/12 20:30,お客様0446,customer0446@example.com,すてきな豆皿でした,届いた豆皿がとてもすてきでした。家族も喜んでいます。ありがとうございました。,お礼
2025/07/12 20:55,お客様0447,customer0447@example.com,アンケートのお願い,ネットショップの利用に関するアンケートにご協力いただけませんか。,その他
2025/07/12 21:37,お客様0448,customer0448@example.com,採用について,店舗スタッフの募集はしていますか。,その他
2025/07/12 22:07,お客様0449,customer0449@example.com,取材のお願い,雑貨の特集で、お店を取材させていただけないでしょうか。,その他
2025/07/12 22:41,お客様0450,customer0450@example.com,ラッピングについて,KM-2508450-4700 の注文ですが、プレゼント用のラッピングは追加できますか。,問合せ
2025/07/12 23:37,お客様0451,customer0451@example.com,対応が遅い,先週問い合わせたのに返事がありません。KM-2508451-9104 の件、どうなっていますか。,苦情
2025/07/12 23:54,お客様0452,customer0452@example.com,ブランケットのサイズ,ブランケットの大きさを教えてください。棚に入るか確かめたいです。,問合せ
2025/07/13 00:50,お客様0453,customer0453@example.com,まだ届きません,KM-2508453-3776 の木のトレーが、予定日を 3 日過ぎても届きません。いつ届くのか教えてください。,苦情
2025/07/13 01:23,お客様0454,customer0454@example.com,ガラスのコップのサイズ,ガラスのコップの大きさを教えてください。棚に入るか確かめたいです。,問合せ
2025/07/13 01:41,お客様0455,customer0455@example.com,注文と違う商品,KM-2508455-0814 で花瓶を注文したのに、別の商品が届きました。どうなっているのですか。,苦情
2025/07/13 02:41,お客様0456,customer0456@example.com,領収書の発行,KM-2508456-9624 の領収書を発行してもらえますか。,問合せ
2025/07/13 03:10,お客様0457,customer0457@example.com,木のトレーの在庫について,木のトレーの在庫はいつ頃入りますか。入荷したら購入したいです。,問合せ
2025/07/13 03:26,お客様0458,customer0458@example.com,二重に請求されています,KM-2508458-2290 の代金が二重に引き落とされています。すぐに確認してください。,苦情
2025/07/13 04:20,お客様0459,customer0459@example.com,まだ届きません,KM-2508459-1567 のキャンドルが、予定日を 3 日過ぎても届きません。いつ届くのか教えてください。,苦情
2025/07/13 05:06,お客様0460,customer0460@example.com,注文内容の変更,KM-2508460-1949 で注文したガラスのコップの色を変更したいのですが、まだ間に合いますか。,問合せ
2025/07/13 05:43,お客様0461,customer0461@example.com,注文内容の変更,KM-2508461-2180 で注文したマグカップの色を変更したいのですが、まだ間に合いますか。,問合せ
2025/07/13 06:17,お客様0462,customer0462@example.com,仕入れのご提案,当社の箸置きをお取り扱いいただけないか、ご提案させてください。,その他
2025/07/13 06:49,お客様0463,customer0463@example.com,丁寧な対応に感謝,先日の交換の件、丁寧に対応していただきありがとうございました。,お礼
2025/07/13 07:12,お客様0464,customer0464@example.com,システム保守のご案内,ネットショップのシステム保守サービスのご案内です。,その他
2025/07/13 08:08,お客様0465,customer0465@example.com,注文と違う商品,KM-2508465-3189 でハンドタオルを注文したのに、別の商品が届きました。どうなっているのですか。,苦情
2025/07/13 08:24,お客様0466,customer0466@example.com,アンケートのお願い,ネットショップの利用に関するアンケートにご協力いただけませんか。,その他
2025/07/13 09:02,お客様0467,customer0467@example.com,配送日の指定,KM-2508467-2790 の配送日を来週の土曜日に指定できますか。,問合せ
2025/07/13 10:03,お客様0468,customer0468@example.com,豆皿の在庫について,豆皿の在庫はいつ頃入りますか。入荷したら購入したいです。,問合せ
2025/07/13 10:27,お客様0469,customer0469@example.com,取材のお願い,雑貨の特集で、お店を取材させていただけないでしょうか。,その他
2025/07/13 11:20,お客様0470,customer0470@example.com,丁寧な対応に感謝,先日の交換の件、丁寧に対応していただきありがとうございました。,お礼
2025/07/13 11:45,お客様0471,customer0471@example.com,領収書の発行,KM-2508471-4875 の領収書を発行してもらえますか。,問合せ
2025/07/13 12:12,お客様0472,customer0472@example.com,採用について,店舗スタッフの募集はしていますか。,その他
2025/07/13 13:09,お客様0473,customer0473@example.com,採用について,店舗スタッフの募集はしていますか。,その他
2025/07/13 13:28,お客様0474,customer0474@example.com,取材のお願い,雑貨の特集で、お店を取材させていただけないでしょうか。,その他
2025/07/13 14:12,お客様0475,customer0475@example.com,ラッピングについて,KM-2508475-9661 の注文ですが、プレゼント用のラッピングは追加できますか。,問合せ
2025/07/13 14:55,お客様0476,customer0476@example.com,お手入れの方法,箸置きは食洗機で洗えますか。お手入れの方法を知りたいです。,問合せ
2025/07/13 15:16,お客様0477,customer0477@example.com,配送日の指定,KM-2508477-1876 の配送日を来週の土曜日に指定できますか。,問合せ
2025/07/13 15:58,お客様0478,customer0478@example.com,早い発送ありがとうございます,KM-2508478-7692 がすぐに届きました。梱包も丁寧でうれしかったです。,お礼
2025/07/13 16:31,お客様0479,customer0479@example.com,配送日の指定,KM-2508479-7432 の配送日を来週の土曜日に指定できますか。,問合せ
2025/07/13 17:29,お客様0480,customer0480@example.com,お手入れの方法,ランチョンマットは食洗機で洗えますか。お手入れの方法を知りたいです。,問合せ
2025/07/13 17:37,お客様0481,customer0481@example.com,お手入れの方法,花瓶は食洗機で洗えますか。お手入れの方法を知りたいです。,問合せ
2025/07/13 18:26,お客様0482,customer0482@example.com,ランチョンマットに傷がありました,届いたランチョンマットに目立つ傷がありました。返品できますか。,苦情
2025/07/13 19:03,お客様0483,customer0483@example.com,ランチョンマットのサイズ,ランチョンマットの大きさを教えてください。棚に入るか確かめたいです。,問合せ
2025/07/13 19:58,お客様0484,customer0484@example.com,注文内容の変更,KM-2508484-6007 で注文した木のトレーの色を変更したいのですが、まだ間に合いますか。,問合せ
2025/07/13 20:22,お客様0485,customer0485@example.com,取材のお願い,雑貨の特集で、お店を取材させていただけないでしょうか。,その他
2025/07/13 20:46,お客様0486,customer0486@example.com,対応が遅い,先週問い合わせたのに返事がありません。KM-2508486-0663 の件、どうなっていますか。,苦情
2025/07/13 21:40,お客様0487,customer0487@example.com,採用について,店舗スタッフの募集はしていますか。,その他
2025/07/13 22:08,お客様0488,customer0488@example.com,アンケートのお願い,ネットショップの利用に関するアンケートにご協力いただけませんか。,その他
2025/07/13 22:54,お客様0489,customer0489@example.com,注文内容の変更,KM-2508489-0714 で注文したブランケットの色を変更したいのですが、まだ間に合いますか。,問合せ
2025/07/13 23:21,お客様0490,customer0490@example.com,採用について,店舗スタッフの募集はしていますか。,その他
2025/07/14 00:05,お客様0491,customer0491@example.com,注文と違う商品,KM-2508491-2047 で木のトレーを注文したのに、別の商品が届きました。どうなっているのですか。,苦情
2025/07/14 00:32,お客様0492,customer0492@example.com,対応が遅い,先週問い合わせたのに返事がありません。KM-2508492-3626 の件、どうなっていますか。,苦情
2025/07/14 01:31,お客様0493,customer0493@example.com,お手入れの方法,ハンドタオルは食洗機で洗えますか。お手入れの方法を知りたいです。,問合せ
2025/07/14 01:50,お客様0494,customer0494@example.com,お手入れの方法,ガラスのコップは食洗機で洗えますか。お手入れの方法を知りたいです。,問合せ
2025/07/14 02:24,お客様0495,customer0495@example.com,配送日の指定,KM-2508495-1940 の配送日を来週の土曜日に指定できますか。,問合せ
2025/07/14 03:00,お客様0496,customer0496@example.com,二重に請求されています,KM-2508496-2189 の代金が二重に引き落とされています。すぐに確認してください。,苦情
2025/07/14 03:35,お客様0497,customer0497@example.com,支払い方法,コンビニ払いは使えますか。花瓶を購入したいです。,問合せ
2025/07/14 04:25,お客様0498,customer0498@example.com,ラッピングについて,KM-2508498-9516 の注文ですが、プレゼント用のラッピングは追加できますか。,問合せ
2025/07/14 05:12,お客様0499,customer0499@example.com,二重に請求されています,KM-2508499-0517 の代金が二重に引き落とされています。すぐに確認してください。,苦情
2025/07/14 05:35,お客様0500,customer0500@example.com,注文内容の変更,KM-2508500-9351 で注文したマグカップの色を変更したいのですが、まだ間に合いますか。,問合せ
2025/07/14 06:02,お客様0501,customer0501@example.com,注文と違う商品,KM-2508501-3458 で豆皿を注文したのに、別の商品が届きました。どうなっているのですか。,苦情
2025/07/14 06:57,お客様0502,customer0502@example.com,システム保守のご案内,ネットショップのシステム保守サービスのご案内です。,その他
2025/07/14 07:30,お客様0503,customer0503@example.com,二重に請求されています,KM-2508503-7333 の代金が二重に引き落とされています。すぐに確認してください。,苦情
2025/07/14 08:14,お客様0504,customer0504@example.com,ブランケットのサイズ,ブランケットの大きさを教えてください。棚に入るか確かめたいです。,問合せ
2025/07/14 08:31,お客様0505,customer0505@example.com,まだ届きません,KM-2508505-2570 のガラスのコップが、予定日を 3 日過ぎても届きません。いつ届くのか教えてください。,苦情
2025/07/14 09:10,お客様0506,customer0506@example.com,支払い方法,コンビニ払いは使えますか。ランチョンマットを購入したいです。,問合せ
2025/07/14 09:58,お客様0507,customer0507@example.com,対応が遅い,先週問い合わせたのに返事がありません。KM-2508507-6513 の件、どうなっていますか。,苦情
2025/07/14 10:22,お客様0508,customer0508@example.com,採用について,店舗スタッフの募集はしていますか。,その他
2025/07/14 10:57,お客様0509,customer0509@example.com,採用について,店舗スタッフの募集はしていますか。,その他
2025/07/14 11:56,お客様0510,customer0510@example.com,まだ届きません,KM-2508510-0102 のマグカップが、予定日を 3 日過ぎても届きません。いつ届くのか教えてください。,苦情
2025/07/14 12:24,お客様0511,customer0511@example.com,注文内容の変更,KM-2508511-6882 で注文した木のトレーの色を変更したいのですが、まだ間に合いますか。,問合せ
2025/07/14 13:06,お客様0512,customer0512@example.com,注文内容の変更,KM-2508512-8434 で注文した豆皿の色を変更したいのですが、まだ間に合いますか。,問合せ
2025/07/14 13:31,お客様0513,customer0513@example.com,ガラスのコップのサイズ,ガラスのコップの大きさを教えてください。棚に入るか確かめたいです。,問合せ
2025/07/14 14:13,お客様0514,customer0514@example.com,すてきなガラスのコップでした,届いたガラスのコップがとてもすてきでした。家族も喜んでいます。ありがとうございました。,お礼
2025/07/14 14:49,お客様0515,customer0515@example.com,配送日の指定,KM-2508515-2552 の配送日を来週の土曜日に指定できますか。,問合せ
2025/07/14 15:42,お客様0516,customer0516@example.com,木のトレーの在庫について,木のトレーの在庫はいつ頃入りますか。入荷したら購入したいです。,問合せ
2025/07/14 16:07,お客様0517,customer0517@example.com,お手入れの方法,ガラスのコップは食洗機で洗えますか。お手入れの方法を知りたいです。,問合せ
2025/07/14 16:35,お客様0518,customer0518@example.com,ラッピングについて,KM-2508518-9426 の注文ですが、プレゼント用のラッピングは追加できますか。,問合せ
2025/07/14 17:33,お客様0519,customer0519@example.com,すてきな豆皿でした,届いた豆皿がとてもすてきでした。家族も喜んでいます。ありがとうございました。,お礼
2025/07/14 17:53,お客様0520,customer0520@example.com,領収書の発行,KM-2508520-4536 の領収書を発行してもらえますか。,問合せ
2025/07/14 18:35,お客様0521,customer0521@example.com,対応が遅い,先週問い合わせたのに返事がありません。KM-2508521-5723 の件、どうなっていますか。,苦情
2025/07/14 19:17,お客様0522,customer0522@example.com,ランチョンマットの在庫について,ランチョンマットの在庫はいつ頃入りますか。入荷したら購入したいです。,問合せ
2025/07/14 20:00,お客様0523,customer0523@example.com,丁寧な対応に感謝,先日の交換の件、丁寧に対応していただきありがとうございました。,お礼
2025/07/14 20:34,お客様0524,customer0524@example.com,領収書の発行,KM-2508524-8693 の領収書を発行してもらえますか。,問合せ
2025/07/14 21:07,お客様0525,customer0525@example.com,領収書の発行,KM-2508525-3691 の領収書を発行してもらえますか。,問合せ
2025/07/14 21:41,お客様0526,customer0526@example.com,配送日の指定,KM-2508526-7572 の配送日を来週の土曜日に指定できますか。,問合せ
2025/07/14 22:00,お客様0527,customer0527@example.com,まだ届きません,KM-2508527-4626 の花瓶が、予定日を 3 日過ぎても届きません。いつ届くのか教えてください。,苦情
2025/07/14 22:38,お客様0528,customer0528@example.com,支払い方法,コンビニ払いは使えますか。ハンドタオルを購入したいです。,問合せ
2025/07/14 23:27,お客様0529,customer0529@example.com,支払い方法,コンビニ払いは使えますか。豆皿を購入したいです。,問合せ
2025/07/15 00:06,お客様0530,customer0530@example.com,梱包がひどい,KM-2508530-6737 の箱が潰れていて、ブランケットの角が欠けていました。残念です。,苦情
2025/07/15 00:33,お客様0531,customer0531@example.com,届いたマグカップが割れていました,KM-2508531-9853 で届いたマグカップが割れていました。交換をお願いします。写真も送れます。,苦情
2025/07/15 01:29,お客様0532,customer0532@example.com,早い発送ありがとうございます,KM-2508532-6670 がすぐに届きました。梱包も丁寧でうれしかったです。,お礼
2025/07/15 01:53,お客様0533,customer0533@example.com,採用について,店舗スタッフの募集はしていますか。,その他
2025/07/15 02:32,お客様0534,customer0534@example.com,二重に請求されています,KM-2508534-6051 の代金が二重に引き落とされています。すぐに確認してください。,苦情
2025/07/15 03:20,お客様0535,customer0535@example.com,注文内容の変更,KM-2508535-7513 で注文したキャンドルの色を変更したいのですが、まだ間に合いますか。,問合せ
2025/07/15 03:49,お客様0536,customer0536@example.com,対応が遅い,先週問い合わせたのに返事がありません。KM-2508536-0382 の件、どうなっていますか。,苦情
2025/07/15 04:20,お客様0537,customer0537@example.com,注文内容の変更,KM-2508537-6820 で注文したブランケットの色を変更したいのですが、まだ間に合いますか。,問合せ
2025/07/15 04:49,お客様0538,customer0538@example.com,領収書の発行,KM-2508538-8489 の領収書を発行してもらえますか。,問合せ
2025/07/15 05:41,お客様0539,customer0539@example.com,箸置きのサイズ,箸置きの大きさを教えてください。棚に入るか確かめたいです。,問合せ
2025/07/15 06:07,お客様0540,customer0540@example.com,ラッピングについて,KM-2508540-2018 の注文ですが、プレゼント用のラッピングは追加できますか。,問合せ
2025/07/15 06:51,お客様0541,customer0541@example.com,マグカップに傷がありました,届いたマグカップに目立つ傷がありました。返品できますか。,苦情
2025/07/15 07:40,お客様0542,customer0542@example.com,支払い方法,コンビニ払いは使えますか。花瓶を購入したいです。,問合せ
2025/07/15 08:14,お客様0543,customer0543@example.com,お手入れの方法,ランチョンマットは食洗機で洗えますか。お手入れの方法を知りたいです。,問合せ
2025/07/15 08:36,お客様0544,customer0544@example.com,二重に請求されています,KM-2508544-5513 の代金が二重に引き落とされています。すぐに確認してください。,苦情
2025/07/15 09:33,お客様0545,customer0545@example.com,配送日の指定,KM-2508545-5922 の配送日を来週の土曜日に指定できますか。,問合せ
2025/07/15 10:04,お客様0546,customer0546@example.com,支払い方法,コンビニ払いは使えますか。ランチョンマットを購入したいです。,問合せ
2025/07/15 10:31,お客様0547,customer0547@example.com,注文内容の変更,KM-2508547-7784 で注文した木のトレーの色を変更したいのですが、まだ間に合いますか。,問合せ
2025/07/15 11:02,お客様0548,customer0548@example.com,丁寧な対応に感謝,先日の交換の件、丁寧に対応していただきありがとうございました。,お礼
2025/07/15 11:43,お客様0549,customer0549@example.com,ラッピングについて,KM-2508549-8610 の注文ですが、プレゼント用のラッピングは追加できますか。,問合せ
2025/07/15 12:38,お客様0550,customer0550@example.com,二重に請求されています,KM-2508550-0516 の代金が二重に引き落とされています。すぐに確認してください。,苦情
2025/07/15 12:54,お客様0551,customer0551@example.com,配送日の指定,KM-2508551-4909 の配送日を来週の土曜日に指定できますか。,問合せ
2025/07/15 13:47,お客様0552,customer0552@example.com,ラッピングについて,KM-2508552-0096 の注文ですが、プレゼント用のラッピングは追加できますか。,問合せ
2025/07/15 14:04,お客様0553,customer0553@example.com,木のトレーの在庫について,木のトレーの在庫はいつ頃入りますか。入荷したら購入したいです。,問合せ
2025/07/15 15:06,お客様0554,customer0554@example.com,早い発送ありがとうございます,KM-2508554-5556 がすぐに届きました。梱包も丁寧でうれしかったです。,お礼
2025/07/15 15:34,お客様0555,customer0555@example.com,届いた豆皿が割れていました,KM-2508555-7923 で届いた豆皿が割れていました。交換をお願いします。写真も送れます。,苦情
2025/07/15 16:11,お客様0556,customer0556@example.com,ラッピングについて,KM-2508556-2964 の注文ですが、プレゼント用のラッピングは追加できますか。,問合せ
2025/07/15 16:53,お客様0557,customer0557@example.com,丁寧な対応に感謝,先日の交換の件、丁寧に対応していただきありがとうございました。,お礼
2025/07/15 17:24,お客様0558,customer0558@example.com,配送日の指定,KM-2508558-5150 の配送日を来週の土曜日に指定できますか。,問合せ
2025/07/15 17:54,お客様0559,customer0559@example.com,ガラスのコップの在庫について,ガラスのコップの在庫はいつ頃入りますか。入荷したら購入したいです。,問合せ
2025/07/15 18:41,お客様0560,customer0560@example.com,配送日の指定,KM-2508560-7295 の配送日を来週の土曜日に指定できますか。,問合せ
2025/07/15 19:22,お客様0561,customer0561@example.com,豆皿のサイズ,豆皿の大きさを教えてください。棚に入るか確かめたいです。,問合せ
2025/07/15 19:37,お客様0562,customer0562@example.com,ガラスのコップのサイズ,ガラスのコップの大きさを教えてください。棚に入るか確かめたいです。,問合せ
2025/07/15 20:31,お客様0563,customer0563@example.com,お手入れの方法,ブランケットは食洗機で洗えますか。お手入れの方法を知りたいです。,問合せ
2025/07/15 21:18,お客様0564,customer0564@example.com,梱包がひどい,KM-2508564-4698 の箱が潰れていて、花瓶の角が欠けていました。残念です。,苦情
2025/07/15 21:46,お客様0565,customer0565@example.com,プレゼントに喜ばれました,ガラスのコップを贈り物にしたら、とても喜ばれました。また利用します。,お礼
2025/07/15 22:20,お客様0566,customer0566@example.com,対応が遅い,先週問い合わせたのに返事がありません。KM-2508566-8837 の件、どうなっていますか。,苦情
2025/07/15 22:52,お客様0567,customer0567@example.com,システム保守のご案内,ネットショップのシステム保守サービスのご案内です。,その他
2025/07/15 23:32,お客様0568,customer0568@example.com,丁寧な対応に感謝,先日の交換の件、丁寧に対応していただきありがとうございました。,お礼
2025/07/16 00:05,お客様0569,customer0569@example.com,注文内容の変更,KM-2508569-5524 で注文したハンドタオルの色を変更したいのですが、まだ間に合いますか。,問合せ
2025/07/16 00:38,お客様0570,customer0570@example.com,プレゼントに喜ばれました,マグカップを贈り物にしたら、とても喜ばれました。また利用します。,お礼
2025/07/16 01:30,お客様0571,customer0571@example.com,アンケートのお願い,ネットショップの利用に関するアンケートにご協力いただけませんか。,その他
2025/07/16 02:07,お客様0572,customer0572@example.com,お手入れの方法,花瓶は食洗機で洗えますか。お手入れの方法を知りたいです。,問合せ
2025/07/16 02:26,お客様0573,customer0573@example.com,注文内容の変更,KM-2508573-8207 で注文したマグカップの色を変更したいのですが、まだ間に合いますか。,問合せ
2025/07/16 03:14,お客様0574,customer0574@example.com,届いたハンドタオルが割れていました,KM-2508574-6987 で届いたハンドタオルが割れていました。交換をお願いします。写真も送れます。,苦情
2025/07/16 03:55,お客様0575,customer0575@example.com,対応が遅い,先週問い合わせたのに返事がありません。KM-2508575-2857 の件、どうなっていますか。,苦情
2025/07/16 04:25,お客様0576,customer0576@example.com,仕入れのご提案,当社のランチョンマットをお取り扱いいただけないか、ご提案させてください。,その他
2025/07/16 04:55,お客様0577,customer0577@example.com,注文内容の変更,KM-2508577-7969 で注文した花瓶の色を変更したいのですが、まだ間に合いますか。,問合せ
2025/07/16 05:49,お客様0578,customer0578@example.com,支払い方法,コンビニ払いは使えますか。ブランケットを購入したいです。,問合せ
2025/07/16 06:15,お客様0579,customer0579@example.com,注文内容の変更,KM-2508579-2863 で注文した木のトレーの色を変更したいのですが、まだ間に合いますか。,問合せ
2025/07/16 06:43,お客様0580,customer0580@example.com,届いた豆皿が割れていました,KM-2508580-7836 で届いた豆皿が割れていました。交換をお願いします。写真も送れます。,苦情
2025/07/16 07:34,お客様0581,customer0581@example.com,届いたランチョンマットが割れていました,KM-2508581-1023 で届いたランチョンマットが割れていました。交換をお願いします。写真も送れます。,苦情
2025/07/16 08:15,お客様0582,customer0582@example.com,ラッピングについて,KM-2508582-3359 の注文ですが、プレゼント用のラッピングは追加できますか。,問合せ
2025/07/16 08:37,お客様0583,customer0583@example.com,配送日の指定,KM-2508583-2049 の配送日を来週の土曜日に指定できますか。,問合せ
2025/07/16 09:33,お客様0584,customer0584@example.com,注文内容の変更,KM-2508584-1893 で注文したキャンドルの色を変更したいのですが、まだ間に合いますか。,問合せ
2025/07/16 09:59,お客様0585,customer0585@example.com,ラッピングについて,KM-2508585-6312 の注文ですが、プレゼント用のラッピングは追加できますか。,問合せ
2025/07/16 10:33,お客様0586,customer0586@example.com,お手入れの方法,マグカップは食洗機で洗えますか。お手入れの方法を知りたいです。,問合せ
2025/07/16 11:06,お客様0587,customer0587@example.com,対応が遅い,先週問い合わせたのに返事がありません。KM-2508587-1983 の件、どうなっていますか。,苦情
2025/07/16 12:03,お客様0588,customer0588@example.com,システム保守のご案内,ネットショップのシステム保守サービスのご案内です。,その他
2025/07/16 12:16,お客様0589,customer0589@example.com,注文内容の変更,KM-2508589-5624 で注文したガラスのコップの色を変更したいのですが、まだ間に合いますか。,問合せ
2025/07/16 13:02,お客様0590,customer0590@example.com,丁寧な対応に感謝,先日の交換の件、丁寧に対応していただきありがとうございました。,お礼
2025/07/16 13:54,お客様0591,customer0591@example.com,注文と違う商品,KM-2508591-4262 でランチョンマットを注文したのに、別の商品が届きました。どうなっているのですか。,苦情
2025/07/16 14:34,お客様0592,customer0592@example.com,アンケートのお願い,ネットショップの利用に関するアンケートにご協力いただけませんか。,その他
2025/07/16 15:09,お客様0593,customer0593@example.com,ラッピングについて,KM-2508593-2484 の注文ですが、プレゼント用のラッピングは追加できますか。,問合せ
2025/07/16 15:28,お客様0594,customer0594@example.com,すてきな花瓶でした,届いた花瓶がとてもすてきでした。家族も喜んでいます。ありがとうございました。,お礼
2025/07/16 16:04,お客様0595,customer0595@example.com,お手入れの方法,箸置きは食洗機で洗えますか。お手入れの方法を知りたいです。,問合せ
2025/07/16 16:32,お客様0596,customer0596@example.com,領収書の発行,KM-2508596-0987 の領収書を発行してもらえますか。,問合せ
2025/07/16 17:20,お客様0597,customer0597@example.com,マグカップに傷がありました,届いたマグカップに目立つ傷がありました。返品できますか。,苦情
2025/07/16 17:56,お客様0598,customer0598@example.com,対応が遅い,先週問い合わせたのに返事がありません。KM-2508598-8621 の件、どうなっていますか。,苦情
2025/07/16 18:32,お客様0599,customer0599@example.com,二重に請求されています,KM-2508599-9523 の代金が二重に引き落とされています。すぐに確認してください。,苦情
2025/07/16 19:06,お客様0600,customer0600@example.com,ラッピングについて,KM-2508600-5445 の注文ですが、プレゼント用のラッピングは追加できますか。,問合せ
2025/07/16 19:47,お客様0601,customer0601@example.com,届いたランチョンマットが割れていました,KM-2508601-1850 で届いたランチョンマットが割れていました。交換をお願いします。写真も送れます。,苦情
2025/07/16 20:26,お客様0602,customer0602@example.com,支払い方法,コンビニ払いは使えますか。キャンドルを購入したいです。,問合せ
2025/07/16 21:05,お客様0603,customer0603@example.com,お手入れの方法,マグカップは食洗機で洗えますか。お手入れの方法を知りたいです。,問合せ
2025/07/16 21:30,お客様0604,customer0604@example.com,梱包がひどい,KM-2508604-7354 の箱が潰れていて、マグカップの角が欠けていました。残念です。,苦情
2025/07/16 22:27,お客様0605,customer0605@example.com,プレゼントに喜ばれました,箸置きを贈り物にしたら、とても喜ばれました。また利用します。,お礼
2025/07/16 23:09,お客様0606,customer0606@example.com,箸置きの在庫について,箸置きの在庫はいつ頃入りますか。入荷したら購入したいです。,問合せ
2025/07/16 23:33,お客様0607,customer0607@example.com,ガラスのコップのサイズ,ガラスのコップの大きさを教えてください。棚に入るか確かめたいです。,問合せ
2025/07/17 00:12,お客様0608,customer0608@example.com,届いたキャンドルが割れていました,KM-2508608-7855 で届いたキャンドルが割れていました。交換をお願いします。写真も送れます。,苦情
2025/07/17 00:46,お客様0609,customer0609@example.com,お手入れの方法,木のトレーは食洗機で洗えますか。お手入れの方法を知りたいです。,問合せ
2025/07/17 01:17,お客様0610,customer0610@example.com,支払い方法,コンビニ払いは使えますか。豆皿を購入したいです。,問合せ
2025/07/17 01:56,お客様0611,customer0611@example.com,ラッピングについて,KM-2508611-7782 の注文ですが、プレゼント用のラッピングは追加できますか。,問合せ
2025/07/17 02:25,お客様0612,customer0612@example.com,注文内容の変更,KM-2508612-0285 で注文したガラスのコップの色を変更したいのですが、まだ間に合いますか。,問合せ
2025/07/17 03:25,お客様0613,customer0613@example.com,ラッピングについて,KM-2508613-9250 の注文ですが、プレゼント用のラッピングは追加できますか。,問合せ
2025/07/17 03:53,お客様0614,customer0614@example.com,二重に請求されています,KM-2508614-5438 の代金が二重に引き落とされています。すぐに確認してください。,苦情
2025/07/17 04:17,お客様0615,customer0615@example.com,ランチョンマットに傷がありました,届いたランチョンマットに目立つ傷がありました。返品できますか。,苦情
2025/07/17 04:53,お客様0616,customer0616@example.com,まだ届きません,KM-2508616-8249 の花瓶が、予定日を 3 日過ぎても届きません。いつ届くのか教えてください。,苦情
2025/07/17 05:47,お客様0617,customer0617@example.com,支払い方法,コンビニ払いは使えますか。花瓶を購入したいです。,問合せ
2025/07/17 06:26,お客様0618,customer0618@example.com,取材のお願い,雑貨の特集で、お店を取材させていただけないでしょうか。,その他
2025/07/17 07:00,お客様0619,customer0619@example.com,配送日の指定,KM-2508619-3439 の配送日を来週の土曜日に指定できますか。,問合せ
2025/07/17 07:44,お客様0620,customer0620@example.com,注文内容の変更,KM-2508620-9944 で注文した木のトレーの色を変更したいのですが、まだ間に合いますか。,問合せ
2025/07/17 08:11,お客様0621,customer0621@example.com,丁寧な対応に感謝,先日の交換の件、丁寧に対応していただきありがとうございました。,お礼
2025/07/17 08:46,お客様0622,customer0622@example.com,採用について,店舗スタッフの募集はしていますか。,その他
2025/07/17 09:36,お客様0623,customer0623@example.com,届いた豆皿が割れていました,KM-2508623-8950 で届いた豆皿が割れていました。交換をお願いします。写真も送れます。,苦情
2025/07/17 10:00,お客様0624,customer0624@example.com,システム保守のご案内,ネットショップのシステム保守サービスのご案内です。,その他
2025/07/17 10:41,お客様0625,customer0625@example.com,アンケートのお願い,ネットショップの利用に関するアンケートにご協力いただけませんか。,その他
2025/07/17 11:15,お客様0626,customer0626@example.com,花瓶のサイズ,花瓶の大きさを教えてください。棚に入るか確かめたいです。,問合せ
2025/07/17 12:00,お客様0627,customer0627@example.com,配送日の指定,KM-2508627-8315 の配送日を来週の土曜日に指定できますか。,問合せ
2025/07/17 12:23,お客様0628,customer0628@example.com,花瓶に傷がありました,届いた花瓶に目立つ傷がありました。返品できますか。,苦情
2025/07/17 12:56,お客様0629,customer0629@example.com,注文内容の変更,KM-2508629-2829 で注文したハンドタオルの色を変更したいのですが、まだ間に合いますか。,問合せ
2025/07/17 13:36,お客様0630,customer0630@example.com,取材のお願い,雑貨の特集で、お店を取材させていただけないでしょうか。,その他
2025/07/17 14:14,お客様0631,customer0631@example.com,二重に請求されています,KM-2508631-0309 の代金が二重に引き落とされています。すぐに確認してください。,苦情
2025/07/17 15:07,お客様0632,customer0632@example.com,梱包がひどい,KM-2508632-2589 の箱が潰れていて、花瓶の角が欠けていました。残念です。,苦情
2025/07/17 15:39,お客様0633,customer0633@example.com,対応が遅い,先週問い合わせたのに返事がありません。KM-2508633-5790 の件、どうなっていますか。,苦情
2025/07/17 16:21,お客様0634,customer0634@example.com,配送日の指定,KM-2508634-9953 の配送日を来週の土曜日に指定できますか。,問合せ
2025/07/17 16:36,お客様0635,customer0635@example.com,キャンドルのサイズ,キャンドルの大きさを教えてください。棚に入るか確かめたいです。,問合せ
2025/07/17 17:23,お客様0636,customer0636@example.com,木のトレーに傷がありました,届いた木のトレーに目立つ傷がありました。返品できますか。,苦情
2025/07/17 18:05,お客様0637,customer0637@example.com,早い発送ありがとうございます,KM-2508637-3503 がすぐに届きました。梱包も丁寧でうれしかったです。,お礼
2025/07/17 18:56,お客様0638,customer0638@example.com,お手入れの方法,豆皿は食洗機で洗えますか。お手入れの方法を知りたいです。,問合せ
2025/07/17 19:27,お客様0639,customer0639@example.com,取材のお願い,雑貨の特集で、お店を取材させていただけないでしょうか。,その他
2025/07/17 19:55,お客様0640,customer0640@example.com,早い発送ありがとうございます,KM-2508640-0812 がすぐに届きました。梱包も丁寧でうれしかったです。,お礼
2025/07/17 20:44,お客様0641,customer0641@example.com,配送日の指定,KM-2508641-0785 の配送日を来週の土曜日に指定できますか。,問合せ
2025/07/17 21:20,お客様0642,customer0642@example.com,支払い方法,コンビニ払いは使えますか。木のトレーを購入したいです。,問合せ
2025/07/17 21:36,お客様0643,customer0643@example.com,木のトレーのサイズ,木のトレーの大きさを教えてください。棚に入るか確かめたいです。,問合せ
2025/07/17 22:19,お客様0644,customer0644@example.com,早い発送ありがとうございます,KM-2508644-3456 がすぐに届きました。梱包も丁寧でうれしかったです。,お礼
2025/07/17 22:55,お客様0645,customer0645@example.com,お手入れの方法,豆皿は食洗機で洗えますか。お手入れの方法を知りたいです。,問合せ
2025/07/17 23:43,お客様0646,customer0646@example.com,採用について,店舗スタッフの募集はしていますか。,その他
2025/07/18 00:21,お客様0647,customer0647@example.com,早い発送ありがとうございます,KM-2508647-7594 がすぐに届きました。梱包も丁寧でうれしかったです。,お礼
2025/07/18 00:53,お客様0648,customer0648@example.com,豆皿の在庫について,豆皿の在庫はいつ頃入りますか。入荷したら購入したいです。,問合せ
2025/07/18 01:22,お客様0649,customer0649@example.com,まだ届きません,KM-2508649-6792 のブランケットが、予定日を 3 日過ぎても届きません。いつ届くのか教えてください。,苦情
2025/07/18 02:12,お客様0650,customer0650@example.com,箸置きの在庫について,箸置きの在庫はいつ頃入りますか。入荷したら購入したいです。,問合せ
2025/07/18 02:55,お客様0651,customer0651@example.com,マグカップに傷がありました,届いたマグカップに目立つ傷がありました。返品できますか。,苦情
2025/07/18 03:05,お客様0652,customer0652@example.com,お手入れの方法,ブランケットは食洗機で洗えますか。お手入れの方法を知りたいです。,問合せ
2025/07/18 03:58,お客様0653,customer0653@example.com,対応が遅い,先週問い合わせたのに返事がありません。KM-2508653-8016 の件、どうなっていますか。,苦情
2025/07/18 04:31,お客様0654,customer0654@example.com,二重に請求されています,KM-2508654-1186 の代金が二重に引き落とされています。すぐに確認してください。,苦情
2025/07/18 04:59,お客様0655,customer0655@example.com,支払い方法,コンビニ払いは使えますか。キャンドルを購入したいです。,問合せ
2025/07/18 05:59,お客様0656,customer0656@example.com,注文内容の変更,KM-2508656-8755 で注文したマグカップの色を変更したいのですが、まだ間に合いますか。,問合せ
2025/07/18 06:20,お客様0657,customer0657@example.com,仕入れのご提案,当社の花瓶をお取り扱いいただけないか、ご提案させてください。,その他
2025/07/18 07:05,お客様0658,customer0658@example.com,届いたランチョンマットが割れていました,KM-2508658-0886 で届いたランチョンマットが割れていました。交換をお願いします。写真も送れます。,苦情
2025/07/18 07:33,お客様0659,customer0659@example.com,配送日の指定,KM-2508659-4941 の配送日を来週の土曜日に指定できますか。,問合せ
2025/07/18 08:22,お客様0660,customer0660@example.com,領収書の発行,KM-2508660-8702 の領収書を発行してもらえますか。,問合せ
2025/07/18 08:46,お客様0661,customer0661@example.com,プレゼントに喜ばれました,キャンドルを贈り物にしたら、とても喜ばれました。また利用します。,お礼
2025/07/18 09:36,お客様0662,customer0662@example.com,配送日の指定,KM-2508662-7439 の配送日を来週の土曜日に指定できますか。,問合せ
2025/07/18 10:03,お客様0663,customer0663@example.com,取材のお願い,雑貨の特集で、お店を取材させていただけないでしょうか。,その他
2025/07/18 10:43,お客様0664,customer0664@example.com,対応が遅い,先週問い合わせたのに返事がありません。KM-2508664-9849 の件、どうなっていますか。,苦情
2025/07/18 11:30,お客様0665,customer0665@example.com,ハンドタオルに傷がありました,届いたハンドタオルに目立つ傷がありました。返品できますか。,苦情
2025/07/18 12:07,お客様0666,customer0666@example.com,ハンドタオルの在庫について,ハンドタオルの在庫はいつ頃入りますか。入荷したら購入したいです。,問合せ
2025/07/18 12:24,お客様0667,customer0667@example.com,注文内容の変更,KM-2508667-3286 で注文したハンドタオルの色を変更したいのですが、まだ間に合いますか。,問合せ
2025/07/18 13:17,お客様0668,customer0668@example.com,取材のお願い,雑貨の特集で、お店を取材させていただけないでしょうか。,その他
2025/07/18 13:42,お客様0669,customer0669@example.com,お手入れの方法,マグカップは食洗機で洗えますか。お手入れの方法を知りたいです。,問合せ
2025/07/18 14:34,お客様0670,customer0670@example.com,豆皿の在庫について,豆皿の在庫はいつ頃入りますか。入荷したら購入したいです。,問合せ
2025/07/18 15:17,お客様0671,customer0671@example.com,梱包がひどい,KM-2508671-7004 の箱が潰れていて、ブランケットの角が欠けていました。残念です。,苦情
2025/07/18 15:47,お客様0672,customer0672@example.com,ラッピングについて,KM-2508672-7081 の注文ですが、プレゼント用のラッピングは追加できますか。,問合せ
2025/07/18 16:01,お客様0673,customer0673@example.com,注文内容の変更,KM-2508673-2792 で注文したマグカップの色を変更したいのですが、まだ間に合いますか。,問合せ
2025/07/18 16:44,お客様0674,customer0674@example.com,プレゼントに喜ばれました,木のトレーを贈り物にしたら、とても喜ばれました。また利用します。,お礼
2025/07/18 17:33,お客様0675,customer0675@example.com,注文と違う商品,KM-2508675-2951 でランチョンマットを注文したのに、別の商品が届きました。どうなっているのですか。,苦情
2025/07/18 18:10,お客様0676,customer0676@example.com,取材のお願い,雑貨の特集で、お店を取材させていただけないでしょうか。,その他
2025/07/18 18:43,お客様0677,customer0677@example.com,領収書の発行,KM-2508677-3230 の領収書を発行してもらえますか。,問合せ
2025/07/18 19:18,お客様0678,customer0678@example.com,領収書の発行,KM-2508678-7843 の領収書を発行してもらえますか。,問合せ
2025/07/18 19:49,お客様0679,customer0679@example.com,配送日の指定,KM-2508679-3789 の配送日を来週の土曜日に指定できますか。,問合せ
2025/07/18 20:26,お客様0680,customer0680@example.com,仕入れのご提案,当社のマグカップをお取り扱いいただけないか、ご提案させてください。,その他
2025/07/18 21:23,お客様0681,customer0681@example.com,対応が遅い,先週問い合わせたのに返事がありません。KM-2508681-1123 の件、どうなっていますか。,苦情
2025/07/18 21:39,お客様0682,customer0682@example.com,丁寧な対応に感謝,先日の交換の件、丁寧に対応していただきありがとうございました。,お礼
2025/07/18 22:40,お客様0683,customer0683@example.com,届いたブランケットが割れていました,KM-2508683-6133 で届いたブランケットが割れていました。交換をお願いします。写真も送れます。,苦情
2025/07/18 23:08,お客様0684,customer0684@example.com,梱包がひどい,KM-2508684-5499 の箱が潰れていて、キャンドルの角が欠けていました。残念です。,苦情
2025/07/18 23:30,お客様0685,customer0685@example.com,二重に請求されています,KM-2508685-0352 の代金が二重に引き落とされています。すぐに確認してください。,苦情
2025/07/19 00:20,お客様0686,customer0686@example.com,二重に請求されています,KM-2508686-0955 の代金が二重に引き落とされています。すぐに確認してください。,苦情
2025/07/19 01:01,お客様0687,customer0687@example.com,ランチョンマットに傷がありました,届いたランチョンマットに目立つ傷がありました。返品できますか。,苦情
2025/07/19 01:19,お客様0688,customer0688@example.com,ガラスのコップの在庫について,ガラスのコップの在庫はいつ頃入りますか。入荷したら購入したいです。,問合せ
2025/07/19 01:59,お客様0689,customer0689@example.com,ラッピングについて,KM-2508689-5352 の注文ですが、プレゼント用のラッピングは追加できますか。,問合せ
2025/07/19 02:55,お客様0690,customer0690@example.com,花瓶のサイズ,花瓶の大きさを教えてください。棚に入るか確かめたいです。,問合せ
2025/07/19 03:10,お客様0691,customer0691@example.com,採用について,店舗スタッフの募集はしていますか。,その他
2025/07/19 04:09,お客様0692,customer0692@example.com,ラッピングについて,KM-2508692-9653 の注文ですが、プレゼント用のラッピングは追加できますか。,問合せ
2025/07/19 04:38,お客様0693,customer0693@example.com,領収書の発行,KM-2508693-5377 の領収書を発行してもらえますか。,問合せ
2025/07/19 05:10,お客様0694,customer0694@example.com,注文と違う商品,KM-2508694-6673 でキャンドルを注文したのに、別の商品が届きました。どうなっているのですか。,苦情
2025/07/19 06:00,お客様0695,customer0695@example.com,まだ届きません,KM-2508695-3144 の花瓶が、予定日を 3 日過ぎても届きません。いつ届くのか教えてください。,苦情
2025/07/19 06:35,お客様0696,customer0696@example.com,ラッピングについて,KM-2508696-1008 の注文ですが、プレゼント用のラッピングは追加できますか。,問合せ
2025/07/19 07:04,お客様0697,customer0697@example.com,注文内容の変更,KM-2508697-3372 で注文した豆皿の色を変更したいのですが、まだ間に合いますか。,問合せ
2025/07/19 07:40,お客様0698,customer0698@example.com,ブランケットに傷がありました,届いたブランケットに目立つ傷がありました。返品できますか。,苦情
2025/07/19 08:18,お客様0699,customer0699@example.com,対応が遅い,先週問い合わせたのに返事がありません。KM-2508699-1032 の件、どうなっていますか。,苦情
2025/07/19 08:41,お客様0700,customer0700@example.com,マグカップの在庫について,マグカップの在庫はいつ頃入りますか。入荷したら購入したいです。,問合せ
2025/07/19 09:43,お客様0701,customer0701@example.com,ガラスのコップの在庫について,ガラスのコップの在庫はいつ頃入りますか。入荷したら購入したいです。,問合せ
2025/07/19 10:00,お客様0702,customer0702@example.com,すてきな木のトレーでした,届いた木のトレーがとてもすてきでした。家族も喜んでいます。ありがとうございました。,お礼
2025/07/19 10:42,お客様0703,customer0703@example.com,アンケートのお願い,ネットショップの利用に関するアンケートにご協力いただけませんか。,その他
2025/07/19 11:29,お客様0704,customer0704@example.com,ラッピングについて,KM-2508704-9718 の注文ですが、プレゼント用のラッピングは追加できますか。,問合せ
2025/07/19 12:04,お客様0705,customer0705@example.com,木のトレーに傷がありました,届いた木のトレーに目立つ傷がありました。返品できますか。,苦情
2025/07/19 12:29,お客様0706,customer0706@example.com,注文と違う商品,KM-2508706-9694 で豆皿を注文したのに、別の商品が届きました。どうなっているのですか。,苦情
2025/07/19 13:23,お客様0707,customer0707@example.com,配送日の指定,KM-2508707-9652 の配送日を来週の土曜日に指定できますか。,問合せ
2025/07/19 14:03,お客様0708,customer0708@example.com,注文内容の変更,KM-2508708-8364 で注文したハンドタオルの色を変更したいのですが、まだ間に合いますか。,問合せ
2025/07/19 14:17,お客様0709,customer0709@example.com,ラッピングについて,KM-2508709-4649 の注文ですが、プレゼント用のラッピングは追加できますか。,問合せ
2025/07/19 15:20,お客様0710,customer0710@example.com,支払い方法,コンビニ払いは使えますか。木のトレーを購入したいです。,問合せ
2025/07/19 15:33,お客様0711,customer0711@example.com,二重に請求されています,KM-2508711-3148 の代金が二重に引き落とされています。すぐに確認してください。,苦情
2025/07/19 16:14,お客様0712,customer0712@example.com,豆皿に傷がありました,届いた豆皿に目立つ傷がありました。返品できますか。,苦情
2025/07/19 16:49,お客様0713,customer0713@example.com,プレゼントに喜ばれました,ランチョンマットを贈り物にしたら、とても喜ばれました。また利用します。,お礼
2025/07/19 17:33,お客様0714,customer0714@example.com,取材のお願い,雑貨の特集で、お店を取材させていただけないでしょうか。,その他
2025/07/19 18:22,お客様0715,customer0715@example.com,採用について,店舗スタッフの募集はしていますか。,その他
2025/07/19 18:40,お客様0716,customer0716@example.com,お手入れの方法,マグカップは食洗機で洗えますか。お手入れの方法を知りたいです。,問合せ
2025/07/19 19:25,お客様0717,customer0717@example.com,ラッピングについて,KM-2508717-8979 の注文ですが、プレゼント用のラッピングは追加できますか。,問合せ
2025/07/19 20:04,お客様0718,customer0718@example.com,システム保守のご案内,ネットショップのシステム保守サービスのご案内です。,その他
2025/07/19 20:28,お客様0719,customer0719@example.com,注文内容の変更,KM-2508719-4330 で注文したガラスのコップの色を変更したいのですが、まだ間に合いますか。,問合せ
2025/07/19 21:15,お客様0720,customer0720@example.com,届いたキャンドルが割れていました,KM-2508720-3966 で届いたキャンドルが割れていました。交換をお願いします。写真も送れます。,苦情
2025/07/19 21:42,お客様0721,customer0721@example.com,支払い方法,コンビニ払いは使えますか。ランチョンマットを購入したいです。,問合せ
2025/07/19 22:14,お客様0722,customer0722@example.com,ガラスのコップのサイズ,ガラスのコップの大きさを教えてください。棚に入るか確かめたいです。,問合せ
2025/07/19 22:51,お客様0723,customer0723@example.com,領収書の発行,KM-2508723-8064 の領収書を発行してもらえますか。,問合せ
2025/07/19 23:48,お客様0724,customer0724@example.com,すてきなガラスのコップでした,届いたガラスのコップがとてもすてきでした。家族も喜んでいます。ありがとうございました。,お礼
2025/07/20 00:14,お客様0725,customer0725@example.com,キャンドルの在庫について,キャンドルの在庫はいつ頃入りますか。入荷したら購入したいです。,問合せ
2025/07/20 00:46,お客様0726,customer0726@example.com,注文内容の変更,KM-2508726-0061 で注文した箸置きの色を変更したいのですが、まだ間に合いますか。,問合せ
2025/07/20 01:33,お客様0727,customer0727@example.com,アンケートのお願い,ネットショップの利用に関するアンケートにご協力いただけませんか。,その他
2025/07/20 02:20,お客様0728,customer0728@example.com,対応が遅い,先週問い合わせたのに返事がありません。KM-2508728-9274 の件、どうなっていますか。,苦情
2025/07/20 02:51,お客様0729,customer0729@example.com,注文内容の変更,KM-2508729-4672 で注文したマグカップの色を変更したいのですが、まだ間に合いますか。,問合せ
2025/07/20 03:10,お客様0730,customer0730@example.com,支払い方法,コンビニ払いは使えますか。豆皿を購入したいです。,問合せ
2025/07/20 03:57,お客様0731,customer0731@example.com,ラッピングについて,KM-2508731-4961 の注文ですが、プレゼント用のラッピングは追加できますか。,問合せ
2025/07/20 04:43,お客様0732,customer0732@example.com,丁寧な対応に感謝,先日の交換の件、丁寧に対応していただきありがとうございました。,お礼
2025/07/20 05:19,お客様0733,customer0733@example.com,ブランケットに傷がありました,届いたブランケットに目立つ傷がありました。返品できますか。,苦情
2025/07/20 06:04,お客様0734,customer0734@example.com,木のトレーのサイズ,木のトレーの大きさを教えてください。棚に入るか確かめたいです。,問合せ
2025/07/20 06:30,お客様0735,customer0735@example.com,注文内容の変更,KM-2508735-0020 で注文した箸置きの色を変更したいのですが、まだ間に合いますか。,問合せ
2025/07/20 06:56,お客様0736,customer0736@example.com,配送日の指定,KM-2508736-5373 の配送日を来週の土曜日に指定できますか。,問合せ
2025/07/20 07:36,お客様0737,customer0737@example.com,領収書の発行,KM-2508737-8903 の領収書を発行してもらえますか。,問合せ
2025/07/20 08:27,お客様0738,customer0738@example.com,早い発送ありがとうございます,KM-2508738-1143 がすぐに届きました。梱包も丁寧でうれしかったです。,お礼
2025/07/20 09:13,お客様0739,customer0739@example.com,丁寧な対応に感謝,先日の交換の件、丁寧に対応していただきありがとうございました。,お礼
2025/07/20 09:25,お客様0740,customer0740@example.com,早い発送ありがとうございます,KM-2508740-2771 がすぐに届きました。梱包も丁寧でうれしかったです。,お礼
2025/07/20 10:01,お客様0741,customer0741@example.com,注文と違う商品,KM-2508741-0450 でブランケットを注文したのに、別の商品が届きました。どうなっているのですか。,苦情
2025/07/20 10:51,お客様0742,customer0742@example.com,すてきな箸置きでした,届いた箸置きがとてもすてきでした。家族も喜んでいます。ありがとうございました。,お礼
2025/07/20 11:36,お客様0743,customer0743@example.com,配送日の指定,KM-2508743-1793 の配送日を来週の土曜日に指定できますか。,問合せ
2025/07/20 12:09,お客様0744,customer0744@example.com,丁寧な対応に感謝,先日の交換の件、丁寧に対応していただきありがとうございました。,お礼
2025/07/20 12:26,お客様0745,customer0745@example.com,お手入れの方法,木のトレーは食洗機で洗えますか。お手入れの方法を知りたいです。,問合せ
2025/07/20 13:19,お客様0746,customer0746@example.com,領収書の発行,KM-2508746-7221 の領収書を発行してもらえますか。,問合せ
2025/07/20 14:06,お客様0747,customer0747@example.com,システム保守のご案内,ネットショップのシステム保守サービスのご案内です。,その他
2025/07/20 14:42,お客様0748,customer0748@example.com,すてきなキャンドルでした,届いたキャンドルがとてもすてきでした。家族も喜んでいます。ありがとうございました。,お礼
2025/07/20 14:58,お客様0749,customer0749@example.com,領収書の発行,KM-2508749-6366 の領収書を発行してもらえますか。,問合せ
2025/07/20 15:54,お客様0750,customer0750@example.com,支払い方法,コンビニ払いは使えますか。ガラスのコップを購入したいです。,問合せ
2025/07/20 16:25,お客様0751,customer0751@example.com,早い発送ありがとうございます,KM-2508751-8301 がすぐに届きました。梱包も丁寧でうれしかったです。,お礼
2025/07/20 17:00,お客様0752,customer0752@example.com,注文と違う商品,KM-2508752-1617 で豆皿を注文したのに、別の商品が届きました。どうなっているのですか。,苦情
2025/07/20 17:24,お客様0753,customer0753@example.com,ガラスのコップに傷がありました,届いたガラスのコップに目立つ傷がありました。返品できますか。,苦情
2025/07/20 18:20,お客様0754,customer0754@example.com,箸置きの在庫について,箸置きの在庫はいつ頃入りますか。入荷したら購入したいです。,問合せ
2025/07/20 18:50,お客様0755,customer0755@example.com,まだ届きません,KM-2508755-1680 のガラスのコップが、予定日を 3 日過ぎても届きません。いつ届くのか教えてください。,苦情
2025/07/20 19:36,お客様0756,customer0756@example.com,注文と違う商品,KM-2508756-2295 で箸置きを注文したのに、別の商品が届きました。どうなっているのですか。,苦情
2025/07/20 19:54,お客様0757,customer0757@example.com,梱包がひどい,KM-2508757-1961 の箱が潰れていて、豆皿の角が欠けていました。残念です。,苦情
2025/07/20 20:56,お客様0758,customer0758@example.com,早い発送ありがとうございます,KM-2508758-8641 がすぐに届きました。梱包も丁寧でうれしかったです。,お礼
2025/07/20 21:23,お客様0759,customer0759@example.com,支払い方法,コンビニ払いは使えますか。箸置きを購入したいです。,問合せ
2025/07/20 21:40,お客様0760,customer0760@example.com,対応が遅い,先週問い合わせたのに返事がありません。KM-2508760-7650 の件、どうなっていますか。,苦情
2025/07/20 22:28,お客様0761,customer0761@example.com,注文と違う商品,KM-2508761-3090 でブランケットを注文したのに、別の商品が届きました。どうなっているのですか。,苦情
2025/07/20 23:16,お客様0762,customer0762@example.com,届いたハンドタオルが割れていました,KM-2508762-5856 で届いたハンドタオルが割れていました。交換をお願いします。写真も送れます。,苦情
2025/07/20 23:36,お客様0763,customer0763@example.com,箸置きのサイズ,箸置きの大きさを教えてください。棚に入るか確かめたいです。,問合せ
2025/07/21 00:38,お客様0764,customer0764@example.com,二重に請求されています,KM-2508764-6887 の代金が二重に引き落とされています。すぐに確認してください。,苦情
2025/07/21 00:55,お客様0765,customer0765@example.com,ブランケットに傷がありました,届いたブランケットに目立つ傷がありました。返品できますか。,苦情
2025/07/21 01:29,お客様0766,customer0766@example.com,箸置きのサイズ,箸置きの大きさを教えてください。棚に入るか確かめたいです。,問合せ
2025/07/21 02:05,お客様0767,customer0767@example.com,早い発送ありがとうございます,KM-2508767-5629 がすぐに届きました。梱包も丁寧でうれしかったです。,お礼
2025/07/21 03:01,お客様0768,customer0768@example.com,早い発送ありがとうございます,KM-2508768-1574 がすぐに届きました。梱包も丁寧でうれしかったです。,お礼
2025/07/21 03:38,お客様0769,customer0769@example.com,まだ届きません,KM-2508769-2680 のマグカップが、予定日を 3 日過ぎても届きません。いつ届くのか教えてください。,苦情
2025/07/21 03:59,お客様0770,customer0770@example.com,注文内容の変更,KM-2508770-2496 で注文したキャンドルの色を変更したいのですが、まだ間に合いますか。,問合せ
2025/07/21 04:41,お客様0771,customer0771@example.com,届いたハンドタオルが割れていました,KM-2508771-9563 で届いたハンドタオルが割れていました。交換をお願いします。写真も送れます。,苦情
2025/07/21 05:09,お客様0772,customer0772@example.com,箸置きの在庫について,箸置きの在庫はいつ頃入りますか。入荷したら購入したいです。,問合せ
2025/07/21 05:52,お客様0773,customer0773@example.com,早い発送ありがとうございます,KM-2508773-4543 がすぐに届きました。梱包も丁寧でうれしかったです。,お礼
2025/07/21 06:39,お客様0774,customer0774@example.com,キャンドルのサイズ,キャンドルの大きさを教えてください。棚に入るか確かめたいです。,問合せ
2025/07/21 07:24,お客様0775,customer0775@example.com,配送日の指定,KM-2508775-8521 の配送日を来週の土曜日に指定できますか。,問合せ
2025/07/21 07:45,お客様0776,customer0776@example.com,ガラスのコップのサイズ,ガラスのコップの大きさを教えてください。棚に入るか確かめたいです。,問合せ
2025/07/21 08:39,お客様0777,customer0777@example.com,支払い方法,コンビニ払いは使えますか。ブランケットを購入したいです。,問合せ
2025/07/21 09:11,お客様0778,customer0778@example.com,すてきな花瓶でした,届いた花瓶がとてもすてきでした。家族も喜んでいます。ありがとうございました。,お礼
2025/07/21 09:38,お客様0779,customer0779@example.com,ランチョンマットの在庫について,ランチョンマットの在庫はいつ頃入りますか。入荷したら購入したいです。,問合せ
2025/07/21 10:00,お客様0780,customer0780@example.com,丁寧な対応に感謝,先日の交換の件、丁寧に対応していただきありがとうございました。,お礼
2025/07/21 10:39,お客様0781,customer0781@example.com,注文内容の変更,KM-2508781-5716 で注文したブランケットの色を変更したいのですが、まだ間に合いますか。,問合せ
2025/07/21 11:27,お客様0782,customer0782@example.com,二重に請求されています,KM-2508782-5554 の代金が二重に引き落とされています。すぐに確認してください。,苦情
2025/07/21 12:00,お客様0783,customer0783@example.com,すてきな豆皿でした,届いた豆皿がとてもすてきでした。家族も喜んでいます。ありがとうございました。,お礼
2025/07/21 12:31,お客様0784,customer0784@example.com,システム保守のご案内,ネットショップのシステム保守サービスのご案内です。,その他
2025/07/21 13:12,お客様0785,customer0785@example.com,ハンドタオルのサイズ,ハンドタオルの大きさを教えてください。棚に入るか確かめたいです。,問合せ
2025/07/21 13:58,お客様0786,customer0786@example.com,取材のお願い,雑貨の特集で、お店を取材させていただけないでしょうか。,その他
2025/07/21 14:27,お客様0787,customer0787@example.com,すてきな豆皿でした,届いた豆皿がとてもすてきでした。家族も喜んでいます。ありがとうございました。,お礼
2025/07/21 15:16,お客様0788,customer0788@example.com,ラッピングについて,KM-2508788-7530 の注文ですが、プレゼント用のラッピングは追加できますか。,問合せ
2025/07/21 15:45,お客様0789,customer0789@example.com,配送日の指定,KM-2508789-0024 の配送日を来週の土曜日に指定できますか。,問合せ
2025/07/21 16:40,お客様0790,customer0790@example.com,アンケートのお願い,ネットショップの利用に関するアンケートにご協力いただけませんか。,その他
2025/07/21 17:07,お客様0791,customer0791@example.com,注文と違う商品,KM-2508791-2927 でランチョンマットを注文したのに、別の商品が届きました。どうなっているのですか。,苦情
2025/07/21 17:38,お客様0792,customer0792@example.com,梱包がひどい,KM-2508792-0023 の箱が潰れていて、箸置きの角が欠けていました。残念です。,苦情
2025/07/21 18:25,お客様0793,customer0793@example.com,丁寧な対応に感謝,先日の交換の件、丁寧に対応していただきありがとうございました。,お礼
2025/07/21 19:08,お客様0794,customer0794@example.com,花瓶に傷がありました,届いた花瓶に目立つ傷がありました。返品できますか。,苦情
2025/07/21 19:16,お客様0795,customer0795@example.com,注文内容の変更,KM-2508795-3121 で注文した木のトレーの色を変更したいのですが、まだ間に合いますか。,問合せ
2025/07/21 20:02,お客様0796,customer0796@example.com,支払い方法,コンビニ払いは使えますか。ガラスのコップを購入したいです。,問合せ
2025/07/21 20:56,お客様0797,customer0797@example.com,丁寧な対応に感謝,先日の交換の件、丁寧に対応していただきありがとうございました。,お礼
2025/07/21 21:34,お客様0798,customer0798@example.com,箸置きのサイズ,箸置きの大きさを教えてください。棚に入るか確かめたいです。,問合せ
2025/07/21 21:47,お客様0799,customer0799@example.com,二重に請求されています,KM-2508799-2571 の代金が二重に引き落とされています。すぐに確認してください。,苦情
2025/07/21 22:28,お客様0800,customer0800@example.com,プレゼントに喜ばれました,豆皿を贈り物にしたら、とても喜ばれました。また利用します。,お礼
2025/07/21 23:25,お客様0801,customer0801@example.com,領収書の発行,KM-2509801-3269 の領収書を発行してもらえますか。,問合せ
2025/07/21 23:36,お客様0802,customer0802@example.com,木のトレーの在庫について,木のトレーの在庫はいつ頃入りますか。入荷したら購入したいです。,問合せ
2025/07/22 00:26,お客様0803,customer0803@example.com,仕入れのご提案,当社の豆皿をお取り扱いいただけないか、ご提案させてください。,その他
2025/07/22 00:59,お客様0804,customer0804@example.com,花瓶のサイズ,花瓶の大きさを教えてください。棚に入るか確かめたいです。,問合せ
2025/07/22 01:29,お客様0805,customer0805@example.com,届いた花瓶が割れていました,KM-2509805-3681 で届いた花瓶が割れていました。交換をお願いします。写真も送れます。,苦情
2025/07/22 02:11,お客様0806,customer0806@example.com,早い発送ありがとうございます,KM-2509806-3275 がすぐに届きました。梱包も丁寧でうれしかったです。,お礼
2025/07/22 02:51,お客様0807,customer0807@example.com,アンケートのお願い,ネットショップの利用に関するアンケートにご協力いただけませんか。,その他
2025/07/22 03:25,お客様0808,customer0808@example.com,領収書の発行,KM-2509808-5404 の領収書を発行してもらえますか。,問合せ
2025/07/22 03:55,お客様0809,customer0809@example.com,ラッピングについて,KM-2509809-0936 の注文ですが、プレゼント用のラッピングは追加できますか。,問合せ
2025/07/22 05:00,お客様0810,customer0810@example.com,すてきなガラスのコップでした,届いたガラスのコップがとてもすてきでした。家族も喜んでいます。ありがとうございました。,お礼
2025/07/22 05:10,お客様0811,customer0811@example.com,支払い方法,コンビニ払いは使えますか。ブランケットを購入したいです。,問合せ
2025/07/22 06:04,お客様0812,customer0812@example.com,注文内容の変更,KM-2509812-1668 で注文した木のトレーの色を変更したいのですが、まだ間に合いますか。,問合せ
2025/07/22 06:23,お客様0813,customer0813@example.com,注文と違う商品,KM-2509813-9668 で花瓶を注文したのに、別の商品が届きました。どうなっているのですか。,苦情
2025/07/22 07:18,お客様0814,customer0814@example.com,箸置きのサイズ,箸置きの大きさを教えてください。棚に入るか確かめたいです。,問合せ
2025/07/22 08:00,お客様0815,customer0815@example.com,支払い方法,コンビニ払いは使えますか。木のトレーを購入したいです。,問合せ
2025/07/22 08:15,お客様0816,customer0816@example.com,注文と違う商品,KM-2509816-4989 でブランケットを注文したのに、別の商品が届きました。どうなっているのですか。,苦情
2025/07/22 09:03,お客様0817,customer0817@example.com,まだ届きません,KM-2509817-7073 のガラスのコップが、予定日を 3 日過ぎても届きません。いつ届くのか教えてください。,苦情
2025/07/22 09:49,お客様0818,customer0818@example.com,届いたブランケットが割れていました,KM-2509818-1826 で届いたブランケットが割れていました。交換をお願いします。写真も送れます。,苦情
2025/07/22 10:26,お客様0819,customer0819@example.com,丁寧な対応に感謝,先日の交換の件、丁寧に対応していただきありがとうございました。,お礼
2025/07/22 10:51,お客様0820,customer0820@example.com,届いた木のトレーが割れていました,KM-2509820-2808 で届いた木のトレーが割れていました。交換をお願いします。写真も送れます。,苦情
2025/07/22 11:42,お客様0821,customer0821@example.com,早い発送ありがとうございます,KM-2509821-9640 がすぐに届きました。梱包も丁寧でうれしかったです。,お礼
2025/07/22 12:01,お客様0822,customer0822@example.com,ハンドタオルに傷がありました,届いたハンドタオルに目立つ傷がありました。返品できますか。,苦情
2025/07/22 12:58,お客様0823,customer0823@example.com,注文と違う商品,KM-2509823-2733 でガラスのコップを注文したのに、別の商品が届きました。どうなっているのですか。,苦情
2025/07/22 13:11,お客様0824,customer0824@example.com,ラッピングについて,KM-2509824-3451 の注文ですが、プレゼント用のラッピングは追加できますか。,問合せ
2025/07/22 14:14,お客様0825,customer0825@example.com,仕入れのご提案,当社の花瓶をお取り扱いいただけないか、ご提案させてください。,その他
2025/07/22 14:39,お客様0826,customer0826@example.com,取材のお願い,雑貨の特集で、お店を取材させていただけないでしょうか。,その他
2025/07/22 15:29,お客様0827,customer0827@example.com,システム保守のご案内,ネットショップのシステム保守サービスのご案内です。,その他
2025/07/22 15:57,お客様0828,customer0828@example.com,採用について,店舗スタッフの募集はしていますか。,その他
2025/07/22 16:38,お客様0829,customer0829@example.com,お手入れの方法,ハンドタオルは食洗機で洗えますか。お手入れの方法を知りたいです。,問合せ
2025/07/22 17:17,お客様0830,customer0830@example.com,ブランケットの在庫について,ブランケットの在庫はいつ頃入りますか。入荷したら購入したいです。,問合せ
2025/07/22 17:29,お客様0831,customer0831@example.com,仕入れのご提案,当社のランチョンマットをお取り扱いいただけないか、ご提案させてください。,その他
2025/07/22 18:09,お客様0832,customer0832@example.com,領収書の発行,KM-2509832-6528 の領収書を発行してもらえますか。,問合せ
2025/07/22 18:58,お客様0833,customer0833@example.com,箸置きのサイズ,箸置きの大きさを教えてください。棚に入るか確かめたいです。,問合せ
2025/07/22 19:44,お客様0834,customer0834@example.com,早い発送ありがとうございます,KM-2509834-6635 がすぐに届きました。梱包も丁寧でうれしかったです。,お礼
2025/07/22 20:24,お客様0835,customer0835@example.com,ラッピングについて,KM-2509835-1756 の注文ですが、プレゼント用のラッピングは追加できますか。,問合せ
2025/07/22 20:46,お客様0836,customer0836@example.com,アンケートのお願い,ネットショップの利用に関するアンケートにご協力いただけませんか。,その他
2025/07/22 21:17,お客様0837,customer0837@example.com,対応が遅い,先週問い合わせたのに返事がありません。KM-2509837-6581 の件、どうなっていますか。,苦情
2025/07/22 22:09,お客様0838,customer0838@example.com,支払い方法,コンビニ払いは使えますか。ハンドタオルを購入したいです。,問合せ
2025/07/22 22:35,お客様0839,customer0839@example.com,ハンドタオルのサイズ,ハンドタオルの大きさを教えてください。棚に入るか確かめたいです。,問合せ
2025/07/22 23:07,お客様0840,customer0840@example.com,すてきな豆皿でした,届いた豆皿がとてもすてきでした。家族も喜んでいます。ありがとうございました。,お礼
2025/07/23 00:04,お客様0841,customer0841@example.com,注文内容の変更,KM-2509841-2040 で注文した花瓶の色を変更したいのですが、まだ間に合いますか。,問合せ
2025/07/23 00:17,お客様0842,customer0842@example.com,花瓶のサイズ,花瓶の大きさを教えてください。棚に入るか確かめたいです。,問合せ
2025/07/23 01:16,お客様0843,customer0843@example.com,丁寧な対応に感謝,先日の交換の件、丁寧に対応していただきありがとうございました。,お礼
2025/07/23 01:28,お客様0844,customer0844@example.com,取材のお願い,雑貨の特集で、お店を取材させていただけないでしょうか。,その他
2025/07/23 02:09,お客様0845,customer0845@example.com,箸置きに傷がありました,届いた箸置きに目立つ傷がありました。返品できますか。,苦情
2025/07/23 02:43,お客様0846,customer0846@example.com,領収書の発行,KM-2509846-4694 の領収書を発行してもらえますか。,問合せ
2025/07/23 03:26,お客様0847,customer0847@example.com,ハンドタオルの在庫について,ハンドタオルの在庫はいつ頃入りますか。入荷したら購入したいです。,問合せ
2025/07/23 04:12,お客様0848,customer0848@example.com,注文内容の変更,KM-2509848-1249 で注文した豆皿の色を変更したいのですが、まだ間に合いますか。,問合せ
2025/07/23 04:39,お客様0849,customer0849@example.com,二重に請求されています,KM-2509849-1722 の代金が二重に引き落とされています。すぐに確認してください。,苦情
2025/07/23 05:25,お客様0850,customer0850@example.com,採用について,店舗スタッフの募集はしていますか。,その他
2025/07/23 06:08,お客様0851,customer0851@example.com,二重に請求されています,KM-2509851-5884 の代金が二重に引き落とされています。すぐに確認してください。,苦情
2025/07/23 06:30,お客様0852,customer0852@example.com,お手入れの方法,木のトレーは食洗機で洗えますか。お手入れの方法を知りたいです。,問合せ
2025/07/23 07:17,お客様0853,customer0853@example.com,二重に請求されています,KM-2509853-8587 の代金が二重に引き落とされています。すぐに確認してください。,苦情
2025/07/23 07:59,お客様0854,customer0854@example.com,プレゼントに喜ばれました,花瓶を贈り物にしたら、とても喜ばれました。また利用します。,お礼
2025/07/23 08:24,お客様0855,customer0855@example.com,ランチョンマットの在庫について,ランチョンマットの在庫はいつ頃入りますか。入荷したら購入したいです。,問合せ
2025/07/23 09:05,お客様0856,customer0856@example.com,ガラスのコップの在庫について,ガラスのコップの在庫はいつ頃入りますか。入荷したら購入したいです。,問合せ
2025/07/23 09:53,お客様0857,customer0857@example.com,早い発送ありがとうございます,KM-2509857-1071 がすぐに届きました。梱包も丁寧でうれしかったです。,お礼
2025/07/23 10:25,お客様0858,customer0858@example.com,領収書の発行,KM-2509858-0139 の領収書を発行してもらえますか。,問合せ
2025/07/23 10:59,お客様0859,customer0859@example.com,プレゼントに喜ばれました,花瓶を贈り物にしたら、とても喜ばれました。また利用します。,お礼
2025/07/23 11:32,お客様0860,customer0860@example.com,対応が遅い,先週問い合わせたのに返事がありません。KM-2509860-4630 の件、どうなっていますか。,苦情
2025/07/23 12:22,お客様0861,customer0861@example.com,ラッピングについて,KM-2509861-9935 の注文ですが、プレゼント用のラッピングは追加できますか。,問合せ
2025/07/23 12:59,お客様0862,customer0862@example.com,梱包がひどい,KM-2509862-0825 の箱が潰れていて、キャンドルの角が欠けていました。残念です。,苦情
2025/07/23 13:29,お客様0863,customer0863@example.com,採用について,店舗スタッフの募集はしていますか。,その他
2025/07/23 14:13,お客様0864,customer0864@example.com,配送日の指定,KM-2509864-8747 の配送日を来週の土曜日に指定できますか。,問合せ
2025/07/23 14:38,お客様0865,customer0865@example.com,取材のお願い,雑貨の特集で、お店を取材させていただけないでしょうか。,その他
2025/07/23 15:13,お客様0866,customer0866@example.com,すてきなガラスのコップでした,届いたガラスのコップがとてもすてきでした。家族も喜んでいます。ありがとうございました。,お礼
2025/07/23 15:56,お客様0867,customer0867@example.com,梱包がひどい,KM-2509867-7793 の箱が潰れていて、マグカップの角が欠けていました。残念です。,苦情
2025/07/23 16:43,お客様0868,customer0868@example.com,まだ届きません,KM-2509868-3983 の花瓶が、予定日を 3 日過ぎても届きません。いつ届くのか教えてください。,苦情
2025/07/23 16:54,お客様0869,customer0869@example.com,注文と違う商品,KM-2509869-5750 で箸置きを注文したのに、別の商品が届きました。どうなっているのですか。,苦情
2025/07/23 17:46,お客様0870,customer0870@example.com,ラッピングについて,KM-2509870-8597 の注文ですが、プレゼント用のラッピングは追加できますか。,問合せ
2025/07/23 18:16,お客様0871,customer0871@example.com,梱包がひどい,KM-2509871-1607 の箱が潰れていて、マグカップの角が欠けていました。残念です。,苦情
2025/07/23 18:51,お客様0872,customer0872@example.com,配送日の指定,KM-2509872-0873 の配送日を来週の土曜日に指定できますか。,問合せ
2025/07/23 19:23,お客様0873,customer0873@example.com,対応が遅い,先週問い合わせたのに返事がありません。KM-2509873-9129 の件、どうなっていますか。,苦情
2025/07/23 20:08,お客様0874,customer0874@example.com,まだ届きません,KM-2509874-2571 のガラスのコップが、予定日を 3 日過ぎても届きません。いつ届くのか教えてください。,苦情
2025/07/23 20:58,お客様0875,customer0875@example.com,プレゼントに喜ばれました,ハンドタオルを贈り物にしたら、とても喜ばれました。また利用します。,お礼
2025/07/23 21:16,お客様0876,customer0876@example.com,仕入れのご提案,当社のマグカップをお取り扱いいただけないか、ご提案させてください。,その他
2025/07/23 21:49,お客様0877,customer0877@example.com,注文内容の変更,KM-2509877-3917 で注文したキャンドルの色を変更したいのですが、まだ間に合いますか。,問合せ
2025/07/23 22:35,お客様0878,customer0878@example.com,ラッピングについて,KM-2509878-6646 の注文ですが、プレゼント用のラッピングは追加できますか。,問合せ
2025/07/23 23:08,お客様0879,customer0879@example.com,豆皿の在庫について,豆皿の在庫はいつ頃入りますか。入荷したら購入したいです。,問合せ
2025/07/23 23:45,お客様0880,customer0880@example.com,すてきなガラスのコップでした,届いたガラスのコップがとてもすてきでした。家族も喜んでいます。ありがとうございました。,お礼
2025/07/24 00:27,お客様0881,customer0881@example.com,配送日の指定,KM-2509881-5395 の配送日を来週の土曜日に指定できますか。,問合せ
2025/07/24 01:24,お客様0882,customer0882@example.com,ブランケットに傷がありました,届いたブランケットに目立つ傷がありました。返品できますか。,苦情
2025/07/24 01:43,お客様0883,customer0883@example.com,梱包がひどい,KM-2509883-0315 の箱が潰れていて、ブランケットの角が欠けていました。残念です。,苦情
2025/07/24 02:09,お客様0884,customer0884@example.com,採用について,店舗スタッフの募集はしていますか。,その他
2025/07/24 02:55,お客様0885,customer0885@example.com,花瓶の在庫について,花瓶の在庫はいつ頃入りますか。入荷したら購入したいです。,問合せ
2025/07/24 03:38,お客様0886,customer0886@example.com,システム保守のご案内,ネットショップのシステム保守サービスのご案内です。,その他
2025/07/24 04:04,お客様0887,customer0887@example.com,取材のお願い,雑貨の特集で、お店を取材させていただけないでしょうか。,その他
2025/07/24 05:03,お客様0888,customer0888@example.com,箸置きのサイズ,箸置きの大きさを教えてください。棚に入るか確かめたいです。,問合せ
2025/07/24 05:35,お客様0889,customer0889@example.com,花瓶に傷がありました,届いた花瓶に目立つ傷がありました。返品できますか。,苦情
2025/07/24 05:54,お客様0890,customer0890@example.com,二重に請求されています,KM-2509890-4279 の代金が二重に引き落とされています。すぐに確認してください。,苦情
2025/07/24 06:44,お客様0891,customer0891@example.com,届いたガラスのコップが割れていました,KM-2509891-0118 で届いたガラスのコップが割れていました。交換をお願いします。写真も送れます。,苦情
2025/07/24 07:05,お客様0892,customer0892@example.com,アンケートのお願い,ネットショップの利用に関するアンケートにご協力いただけませんか。,その他
2025/07/24 07:44,お客様0893,customer0893@example.com,お手入れの方法,ランチョンマットは食洗機で洗えますか。お手入れの方法を知りたいです。,問合せ
2025/07/24 08:26,お客様0894,customer0894@example.com,届いたマグカップが割れていました,KM-2509894-9893 で届いたマグカップが割れていました。交換をお願いします。写真も送れます。,苦情
2025/07/24 09:05,お客様0895,customer0895@example.com,領収書の発行,KM-2509895-5087 の領収書を発行してもらえますか。,問合せ
2025/07/24 09:52,お客様0896,customer0896@example.com,花瓶に傷がありました,届いた花瓶に目立つ傷がありました。返品できますか。,苦情
2025/07/24 10:38,お客様0897,customer0897@example.com,すてきなハンドタオルでした,届いたハンドタオルがとてもすてきでした。家族も喜んでいます。ありがとうございました。,お礼
2025/07/24 11:01,お客様0898,customer0898@example.com,注文内容の変更,KM-2509898-2567 で注文したブランケットの色を変更したいのですが、まだ間に合いますか。,問合せ
2025/07/24 11:43,お客様0899,customer0899@example.com,配送日の指定,KM-2509899-4596 の配送日を来週の土曜日に指定できますか。,問合せ
2025/07/24 12:17,お客様0900,customer0900@example.com,梱包がひどい,KM-2509900-4451 の箱が潰れていて、木のトレーの角が欠けていました。残念です。,苦情
2025/07/24 12:44,お客様0901,customer0901@example.com,梱包がひどい,KM-2509901-1271 の箱が潰れていて、花瓶の角が欠けていました。残念です。,苦情
2025/07/24 13:42,お客様0902,customer0902@example.com,まだ届きません,KM-2509902-3279 のキャンドルが、予定日を 3 日過ぎても届きません。いつ届くのか教えてください。,苦情
2025/07/24 13:58,お客様0903,customer0903@example.com,すてきなランチョンマットでした,届いたランチョンマットがとてもすてきでした。家族も喜んでいます。ありがとうございました。,お礼
2025/07/24 14:41,お客様0904,customer0904@example.com,システム保守のご案内,ネットショップのシステム保守サービスのご案内です。,その他
2025/07/24 15:34,お客様0905,customer0905@example.com,まだ届きません,KM-2509905-1636 のガラスのコップが、予定日を 3 日過ぎても届きません。いつ届くのか教えてください。,苦情
2025/07/24 15:54,お客様0906,customer0906@example.com,お手入れの方法,木のトレーは食洗機で洗えますか。お手入れの方法を知りたいです。,問合せ
2025/07/24 16:39,お客様0907,customer0907@example.com,配送日の指定,KM-2509907-3207 の配送日を来週の土曜日に指定できますか。,問合せ
2025/07/24 17:09,お客様0908,customer0908@example.com,マグカップの在庫について,マグカップの在庫はいつ頃入りますか。入荷したら購入したいです。,問合せ
2025/07/24 17:44,お客様0909,customer0909@example.com,注文内容の変更,KM-2509909-8063 で注文したランチョンマットの色を変更したいのですが、まだ間に合いますか。,問合せ
2025/07/24 18:36,お客様0910,customer0910@example.com,配送日の指定,KM-2509910-8619 の配送日を来週の土曜日に指定できますか。,問合せ
2025/07/24 19:16,お客様0911,customer0911@example.com,すてきなブランケットでした,届いたブランケットがとてもすてきでした。家族も喜んでいます。ありがとうございました。,お礼
2025/07/24 19:40,お客様0912,customer0912@example.com,領収書の発行,KM-2509912-8722 の領収書を発行してもらえますか。,問合せ
2025/07/24 20:24,お客様0913,customer0913@example.com,配送日の指定,KM-2509913-4331 の配送日を来週の土曜日に指定できますか。,問合せ
2025/07/24 20:57,お客様0914,customer0914@example.com,まだ届きません,KM-2509914-0822 のランチョンマットが、予定日を 3 日過ぎても届きません。いつ届くのか教えてください。,苦情
2025/07/24 21:29,お客様0915,customer0915@example.com,すてきな木のトレーでした,届いた木のトレーがとてもすてきでした。家族も喜んでいます。ありがとうございました。,お礼
2025/07/24 22:14,お客様0916,customer0916@example.com,取材のお願い,雑貨の特集で、お店を取材させていただけないでしょうか。,その他
2025/07/24 22:31,お客様0917,customer0917@example.com,ラッピングについて,KM-2509917-3807 の注文ですが、プレゼント用のラッピングは追加できますか。,問合せ
2025/07/24 23:28,お客様0918,customer0918@example.com,取材のお願い,雑貨の特集で、お店を取材させていただけないでしょうか。,その他
2025/07/24 23:53,お客様0919,customer0919@example.com,梱包がひどい,KM-2509919-8146 の箱が潰れていて、ハンドタオルの角が欠けていました。残念です。,苦情
2025/07/25 00:33,お客様0920,customer0920@example.com,まだ届きません,KM-2509920-2691 の木のトレーが、予定日を 3 日過ぎても届きません。いつ届くのか教えてください。,苦情
2025/07/25 01:24,お客様0921,customer0921@example.com,支払い方法,コンビニ払いは使えますか。ランチョンマットを購入したいです。,問合せ
2025/07/25 01:56,お客様0922,customer0922@example.com,お手入れの方法,箸置きは食洗機で洗えますか。お手入れの方法を知りたいです。,問合せ
2025/07/25 02:11,お客様0923,customer0923@example.com,二重に請求されています,KM-2509923-5403 の代金が二重に引き落とされています。すぐに確認してください。,苦情
2025/07/25 03:09,お客様0924,customer0924@example.com,丁寧な対応に感謝,先日の交換の件、丁寧に対応していただきありがとうございました。,お礼
2025/07/25 03:36,お客様0925,customer0925@example.com,ガラスのコップの在庫について,ガラスのコップの在庫はいつ頃入りますか。入荷したら購入したいです。,問合せ
2025/07/25 04:18,お客様0926,customer0926@example.com,領収書の発行,KM-2509926-7793 の領収書を発行してもらえますか。,問合せ
2025/07/25 04:59,お客様0927,customer0927@example.com,注文と違う商品,KM-2509927-5795 で木のトレーを注文したのに、別の商品が届きました。どうなっているのですか。,苦情
2025/07/25 05:35,お客様0928,customer0928@example.com,領収書の発行,KM-2509928-4452 の領収書を発行してもらえますか。,問合せ
2025/07/25 06:07,お客様0929,customer0929@example.com,取材のお願い,雑貨の特集で、お店を取材させていただけないでしょうか。,その他
2025/07/25 06:37,お客様0930,customer0930@example.com,ラッピングについて,KM-2509930-6878 の注文ですが、プレゼント用のラッピングは追加できますか。,問合せ
2025/07/25 07:11,お客様0931,customer0931@example.com,ガラスのコップのサイズ,ガラスのコップの大きさを教えてください。棚に入るか確かめたいです。,問合せ
2025/07/25 08:00,お客様0932,customer0932@example.com,採用について,店舗スタッフの募集はしていますか。,その他
2025/07/25 08:39,お客様0933,customer0933@example.com,配送日の指定,KM-2509933-6673 の配送日を来週の土曜日に指定できますか。,問合せ
2025/07/25 09:06,お客様0934,customer0934@example.com,豆皿の在庫について,豆皿の在庫はいつ頃入りますか。入荷したら購入したいです。,問合せ
2025/07/25 09:57,お客様0935,customer0935@example.com,すてきな箸置きでした,届いた箸置きがとてもすてきでした。家族も喜んでいます。ありがとうございました。,お礼
2025/07/25 10:27,お客様0936,customer0936@example.com,箸置きの在庫について,箸置きの在庫はいつ頃入りますか。入荷したら購入したいです。,問合せ
2025/07/25 10:50,お客様0937,customer0937@example.com,ガラスのコップに傷がありました,届いたガラスのコップに目立つ傷がありました。返品できますか。,苦情
2025/07/25 11:27,お客様0938,customer0938@example.com,対応が遅い,先週問い合わせたのに返事がありません。KM-2509938-5392 の件、どうなっていますか。,苦情
2025/07/25 12:13,お客様0939,customer0939@example.com,対応が遅い,先週問い合わせたのに返事がありません。KM-2509939-5753 の件、どうなっていますか。,苦情
2025/07/25 12:40,お客様0940,customer0940@example.com,採用について,店舗スタッフの募集はしていますか。,その他
2025/07/25 13:28,お客様0941,customer0941@example.com,まだ届きません,KM-2509941-7489 の花瓶が、予定日を 3 日過ぎても届きません。いつ届くのか教えてください。,苦情
2025/07/25 14:22,お客様0942,customer0942@example.com,丁寧な対応に感謝,先日の交換の件、丁寧に対応していただきありがとうございました。,お礼
2025/07/25 14:53,お客様0943,customer0943@example.com,二重に請求されています,KM-2509943-0604 の代金が二重に引き落とされています。すぐに確認してください。,苦情
2025/07/25 15:08,お客様0944,customer0944@example.com,花瓶の在庫について,花瓶の在庫はいつ頃入りますか。入荷したら購入したいです。,問合せ
2025/07/25 16:11,お客様0945,customer0945@example.com,プレゼントに喜ばれました,マグカップを贈り物にしたら、とても喜ばれました。また利用します。,お礼
2025/07/25 16:46,お客様0946,customer0946@example.com,注文内容の変更,KM-2509946-9352 で注文したキャンドルの色を変更したいのですが、まだ間に合いますか。,問合せ
2025/07/25 17:14,お客様0947,customer0947@example.com,丁寧な対応に感謝,先日の交換の件、丁寧に対応していただきありがとうございました。,お礼
2025/07/25 17:51,お客様0948,customer0948@example.com,注文と違う商品,KM-2509948-1605 でガラスのコップを注文したのに、別の商品が届きました。どうなっているのですか。,苦情
2025/07/25 18:41,お客様0949,customer0949@example.com,花瓶に傷がありました,届いた花瓶に目立つ傷がありました。返品できますか。,苦情
2025/07/25 19:16,お客様0950,customer0950@example.com,取材のお願い,雑貨の特集で、お店を取材させていただけないでしょうか。,その他
2025/07/25 19:56,お客様0951,customer0951@example.com,アンケートのお願い,ネットショップの利用に関するアンケートにご協力いただけませんか。,その他
2025/07/25 20:08,お客様0952,customer0952@example.com,配送日の指定,KM-2509952-3372 の配送日を来週の土曜日に指定できますか。,問合せ
2025/07/25 20:53,お客様0953,customer0953@example.com,すてきなランチョンマットでした,届いたランチョンマットがとてもすてきでした。家族も喜んでいます。ありがとうございました。,お礼
2025/07/25 21:28,お客様0954,customer0954@example.com,すてきな豆皿でした,届いた豆皿がとてもすてきでした。家族も喜んでいます。ありがとうございました。,お礼
2025/07/25 21:57,お客様0955,customer0955@example.com,領収書の発行,KM-2509955-8270 の領収書を発行してもらえますか。,問合せ
2025/07/25 22:58,お客様0956,customer0956@example.com,ランチョンマットのサイズ,ランチョンマットの大きさを教えてください。棚に入るか確かめたいです。,問合せ
2025/07/25 23:24,お客様0957,customer0957@example.com,配送日の指定,KM-2509957-8406 の配送日を来週の土曜日に指定できますか。,問合せ
2025/07/26 00:08,お客様0958,customer0958@example.com,配送日の指定,KM-2509958-7404 の配送日を来週の土曜日に指定できますか。,問合せ
2025/07/26 00:24,お客様0959,customer0959@example.com,ブランケットの在庫について,ブランケットの在庫はいつ頃入りますか。入荷したら購入したいです。,問合せ
2025/07/26 01:02,お客様0960,customer0960@example.com,二重に請求されています,KM-2509960-9487 の代金が二重に引き落とされています。すぐに確認してください。,苦情
2025/07/26 02:03,お客様0961,customer0961@example.com,注文内容の変更,KM-2509961-8017 で注文した花瓶の色を変更したいのですが、まだ間に合いますか。,問合せ
2025/07/26 02:37,お客様0962,customer0962@example.com,ラッピングについて,KM-2509962-8970 の注文ですが、プレゼント用のラッピングは追加できますか。,問合せ
2025/07/26 03:20,お客様0963,customer0963@example.com,注文内容の変更,KM-2509963-3203 で注文したマグカップの色を変更したいのですが、まだ間に合いますか。,問合せ
2025/07/26 03:44,お客様0964,customer0964@example.com,仕入れのご提案,当社の箸置きをお取り扱いいただけないか、ご提案させてください。,その他
2025/07/26 04:23,お客様0965,customer0965@example.com,丁寧な対応に感謝,先日の交換の件、丁寧に対応していただきありがとうございました。,お礼
2025/07/26 05:03,お客様0966,customer0966@example.com,木のトレーの在庫について,木のトレーの在庫はいつ頃入りますか。入荷したら購入したいです。,問合せ
2025/07/26 05:41,お客様0967,customer0967@example.com,梱包がひどい,KM-2509967-7633 の箱が潰れていて、ガラスのコップの角が欠けていました。残念です。,苦情
2025/07/26 06:08,お客様0968,customer0968@example.com,まだ届きません,KM-2509968-4776 のキャンドルが、予定日を 3 日過ぎても届きません。いつ届くのか教えてください。,苦情
2025/07/26 06:33,お客様0969,customer0969@example.com,領収書の発行,KM-2509969-7091 の領収書を発行してもらえますか。,問合せ
2025/07/26 07:25,お客様0970,customer0970@example.com,領収書の発行,KM-2509970-9048 の領収書を発行してもらえますか。,問合せ
2025/07/26 08:02,お客様0971,customer0971@example.com,取材のお願い,雑貨の特集で、お店を取材させていただけないでしょうか。,その他
2025/07/26 08:42,お客様0972,customer0972@example.com,注文内容の変更,KM-2509972-1129 で注文した木のトレーの色を変更したいのですが、まだ間に合いますか。,問合せ
2025/07/26 09:08,お客様0973,customer0973@example.com,注文内容の変更,KM-2509973-7711 で注文した木のトレーの色を変更したいのですが、まだ間に合いますか。,問合せ
2025/07/26 10:00,お客様0974,customer0974@example.com,取材のお願い,雑貨の特集で、お店を取材させていただけないでしょうか。,その他
2025/07/26 10:32,お客様0975,customer0975@example.com,届いた豆皿が割れていました,KM-2509975-3761 で届いた豆皿が割れていました。交換をお願いします。写真も送れます。,苦情
2025/07/26 11:12,お客様0976,customer0976@example.com,お手入れの方法,豆皿は食洗機で洗えますか。お手入れの方法を知りたいです。,問合せ
2025/07/26 11:41,お客様0977,customer0977@example.com,支払い方法,コンビニ払いは使えますか。花瓶を購入したいです。,問合せ
2025/07/26 12:30,お客様0978,customer0978@example.com,お手入れの方法,木のトレーは食洗機で洗えますか。お手入れの方法を知りたいです。,問合せ
2025/07/26 13:04,お客様0979,customer0979@example.com,マグカップに傷がありました,届いたマグカップに目立つ傷がありました。返品できますか。,苦情
2025/07/26 13:46,お客様0980,customer0980@example.com,すてきな豆皿でした,届いた豆皿がとてもすてきでした。家族も喜んでいます。ありがとうございました。,お礼
2025/07/26 14:27,お客様0981,customer0981@example.com,お手入れの方法,ランチョンマットは食洗機で洗えますか。お手入れの方法を知りたいです。,問合せ
2025/07/26 14:47,お客様0982,customer0982@example.com,すてきなブランケットでした,届いたブランケットがとてもすてきでした。家族も喜んでいます。ありがとうございました。,お礼
2025/07/26 15:35,お客様0983,customer0983@example.com,注文内容の変更,KM-2509983-1670 で注文した豆皿の色を変更したいのですが、まだ間に合いますか。,問合せ
2025/07/26 15:51,お客様0984,customer0984@example.com,二重に請求されています,KM-2509984-3816 の代金が二重に引き落とされています。すぐに確認してください。,苦情
2025/07/26 16:42,お客様0985,customer0985@example.com,ブランケットの在庫について,ブランケットの在庫はいつ頃入りますか。入荷したら購入したいです。,問合せ
2025/07/26 17:25,お客様0986,customer0986@example.com,花瓶のサイズ,花瓶の大きさを教えてください。棚に入るか確かめたいです。,問合せ
2025/07/26 18:01,お客様0987,customer0987@example.com,注文内容の変更,KM-2509987-6140 で注文したマグカップの色を変更したいのですが、まだ間に合いますか。,問合せ
2025/07/26 18:16,お客様0988,customer0988@example.com,アンケートのお願い,ネットショップの利用に関するアンケートにご協力いただけませんか。,その他
2025/07/26 19:20,お客様0989,customer0989@example.com,支払い方法,コンビニ払いは使えますか。花瓶を購入したいです。,問合せ
2025/07/26 19:50,お客様0990,customer0990@example.com,箸置きの在庫について,箸置きの在庫はいつ頃入りますか。入荷したら購入したいです。,問合せ
2025/07/26 20:15,お客様0991,customer0991@example.com,領収書の発行,KM-2509991-1968 の領収書を発行してもらえますか。,問合せ
2025/07/26 21:14,お客様0992,customer0992@example.com,早い発送ありがとうございます,KM-2509992-9452 がすぐに届きました。梱包も丁寧でうれしかったです。,お礼
2025/07/26 21:26,お客様0993,customer0993@example.com,お手入れの方法,花瓶は食洗機で洗えますか。お手入れの方法を知りたいです。,問合せ
2025/07/26 22:11,お客様0994,customer0994@example.com,配送日の指定,KM-2509994-5228 の配送日を来週の土曜日に指定できますか。,問合せ
2025/07/26 22:52,お客様0995,customer0995@example.com,仕入れのご提案,当社のガラスのコップをお取り扱いいただけないか、ご提案させてください。,その他
2025/07/26 23:38,お客様0996,customer0996@example.com,仕入れのご提案,当社のキャンドルをお取り扱いいただけないか、ご提案させてください。,その他
2025/07/26 23:58,お客様0997,customer0997@example.com,まだ届きません,KM-2509997-4021 のブランケットが、予定日を 3 日過ぎても届きません。いつ届くのか教えてください。,苦情
2025/07/27 00:32,お客様0998,customer0998@example.com,届いた木のトレーが割れていました,KM-2509998-7755 で届いた木のトレーが割れていました。交換をお願いします。写真も送れます。,苦情
2025/07/27 01:09,お客様0999,customer0999@example.com,箸置きの在庫について,箸置きの在庫はいつ頃入りますか。入荷したら購入したいです。,問合せ
2025/07/27 02:09,お客様1000,customer1000@example.com,二重に請求されています,KM-25091000-4499 の代金が二重に引き落とされています。すぐに確認してください。,苦情
